University,Primary Location,Other Locations
Zhangir khan West Kazakhstan Agrarian Technical University,"WKATU,
Kazakhstan",[]
RMIT University,"Melbourne City campus,
Australia","['Bundoora campus,\nAustralia', 'Brunswick campus,\nAustralia', 'Hanoi campus,\nVietnam', 'Saigon South campus,\nVietnam']"
Royal Holloway University of London School of Business and Management,"Egham Campus,
United Kingdom",[]
O.S. Popov Odessa National Academy of Telecommunications,"O.S. Popov Odessa National Academy of Telecommunications - Main Campus,
Ukraine","['O.S. Popov Odessa National Academy of Telecommunications - Campus 2,\nUkraine', 'O.S. Popov Odessa National Academy of Telecommunications - Campus 1,\nUkraine', 'O.S. Popov Odessa National Academy of Telecommunications - Colledge,\nUkraine']"
Polytechnic University,"6 Metrotech Center, Brooklyn, US,
New York,
United States",[]
Film and Television Institute of India,"Law College Road, Pune , IN,
India",[]
George Mason University,"Fairfax Campus,
Virginia,
United States","['Arlington Campus,\nVirginia,\nUnited States', 'Science and Technology Campus,\nVirginia,\nUnited States', 'Ridgetop Two, Suite 210, 21641 Ridgetop Circle, Sterling, US,\nVirginia,\nUnited States', '4400 University Dr., Fairfax - Main, US,\nVirginia,\nUnited States', 'South Korea Campus,\nSouth Korea']"
Almaty University of Power Engineering and Telecommunications,"Campus A,
Kazakhstan","['Campus B,\nKazakhstan', 'Campus D,\nKazakhstan']"
Universidade Salvador (UNIFACS),"Campus Federação,
Brazil","['Campus Paralela,\nBrazil', 'Campus Rio Vermelho,\nBrazil', 'Campus Caminho das Árvores,\nBrazil', 'Campus Costa Azul (Pós-Graduação),\nBrazil', 'Feira de Santana,\nBrazil']"
South China Normal University,"Shipai, Guangzhou, CN,
China (Mainland)",[]
University of Southern Mindanao,"University of Southern Mindanao,
Philippines","['University of Southern Mindanao - Kidapawan City Campus,\nPhilippines', 'University of Sothern Mindanao - PALMA Cluster Campuses,\nPhilippines']"
College of Business,,[]
Southwestern University of Finance and Economics,"Guanghua campus,
China (Mainland)","['Liulin campus,\nChina (Mainland)']"
Royal Holloway University of London School of Business and Management,"Egham Campus,
United Kingdom",[]
Universidad Científica del Sur,"Villa,
Peru",[]
Emporia State University,"1200 Commercial Street, Emporia, US,
Kansas,
United States",[]
Arabian Gulf University,"Manama, BH,
Bahrain",[]
Nagaoka University of Technology,,[]
Taiyuan University of Technology,"No.79 West Yingze Street, Taiyuan, CN,
China (Mainland)",[]
Unity College,,[]
University of Kwazulu-Natal,"Cnr. Richmond & Marianhill Rd, Pinetown, ZA,
South Africa",[]
Interregional Academy of Personnel Management,"2, Frometivs'ka Str., Kyiv, UA,
Ukraine","['IAPM,\nUkraine']"
National University of Tainan,"Tainan City Campus,
Taiwan",[]
SRUC (Scotland's Rural College),,[]
Dr B R Ambedkar National Institute of Technology Jalandhar,"Jalandhar,
India",[]
"University of Economics in Bratislava, Slovakia","Košice,
Slovakia","['Bratislava,\nSlovakia']"
École Supérieure de Chimie Organique et Minérale (ESCOM),"Main Campus,
France","['Compiègne, FR,\nFrance']"
China Europe International Business School (CEIBS),"CEIBS Shanghai,
China (Mainland)","['CEIBS Beijing,\nChina (Mainland)', 'CEIBS Shenzhen,\nChina (Mainland)', 'CEIBS Zurich,\nSwitzerland', 'CEIBS Accra,\nGhana']"
École d'Ingénieurs ECAM Rennes,"Rennes, FR,
France",[]
Universidad de Ibagué,"Universidad de Ibagué,
Colombia",[]
Wesley College,,[]
Higher Normal School Mostaganem,"Higher Normal School Mostaganem,
Algeria",[]
University of the Assumption,"PH,
Philippines",[]
Universidad Nacional de Trujillo,"Diego de Almagro 344, Trujillo, PE,
Peru","['Trujillo, PE,\nPeru']"
W. P. Carey School of Business,"W. P. Carey School of Business,
Arizona,
United States",[]
Hochschule für Technik Stuttgart,"Stuttgart, DE,
Germany",[]
Ho Chi Minh City University of Technology (HUTECH),"HUTECH campus,
Vietnam","['Ung Van Khiem Campus,\nVietnam', 'HUTECH Manpower Training Center,\nVietnam', 'HUTECH Hi-tech Institute,\nVietnam']"
National Ilan University,"National Ilan University,
Taiwan",[]
Modern University for Technology and Information,,[]
The University of Sheffield,"Western Bank, Sheffield, GB,
United Kingdom",[]
Universidad de Chihuahua,"Av. Escorza No. 900, Zona Centro, Chihuahua, MX,
Mexico","['MX,\nMexico']"
Pontifícia Universidade Católica de Campinas,"Campus l,
Brazil","['Campus II,\nBrazil']"
Universiti Islam Sultan Sharif Ali,"Universiti Islam Sultan Sharif Ali (Gadong Campus),
Brunei","['Universiti Islam Sultan Sharif Ali (Sinaut Campus),\nBrunei']"
Applied Science Private University - Jordan,"Amman Campus,
Jordan",[]
tt1,,[]
Saba University School of Medicine,"Saba University School of Medicine,
Massachusetts,
United States",[]
Indian Institute of Technology Hyderabad (IITH),"Indian Institute of Technology Hyderabad,
India",[]
State Tourism and Hotel Management School (SSAT),"Bellinzona Campus,
Switzerland",[]
ESMOD,"ESMOD,
France",[]
Lehigh University,"Asa Packer Campus,
Pennsylvania,
United States","['19 Memorial Drive West,\nPennsylvania,\nUnited States', 'Murray H. Goodman Campus,\nPennsylvania,\nUnited States', 'Mountaintop Campus,\nPennsylvania,\nUnited States']"
Skidmore College,"Saratoga Springs,,
New York,
United States",[]
Khulna University of Engineering and Technology,"Khulna, BD,
Bangladesh",[]
Istanbul Şehir University,,[]
Saint Joseph's College-New York,"Brooklyn,
New York,
United States",[]
Universitas Darussalam Gontor,,[]
Rutgers University–Camden,"Rutgers University–Camden,
New Jersey,
United States",[]
University of Shanghai for Science and Technology,"Jungong Campus,
China (Mainland)",[]
UNIVERSIDAD NACIONAL DE TRES DE FEBRERO,,[]
"Academy of Economics, Law and Humanities","VEGU Academy,
Russia",[]
Nanchang University,"999 Academy Road, Hong Gutan New District, Nanchang, CN,
China (Mainland)",[]
Azerbaijan State Pedagogical University,"Sabayil,
Azerbaijan","['Ganjilik,\nAzerbaijan', 'Nasimi,\nAzerbaijan', 'Tabriz,\nAzerbaijan', 'Shaki,\nAzerbaijan', 'Quba,\nAzerbaijan', 'Shamakhi,\nAzerbaijan', 'Jelilabad,\nAzerbaijan', 'Pedagogical Collage,\nAzerbaijan', 'Agjabadi,\nAzerbaijan']"
Max Stern Academic College of Emek Yezreel,,[]
World University of Bangladesh (WUB),"Permanent Campus,
Bangladesh","['Information & Pick Up Point,\nBangladesh', ': Dhanmondi Campus, Unit-1,\nBangladesh', ': Dhanmondi Campus, Unit-2,\nBangladesh']"
EIT InnoEnergy Master School,"Instituto Superior Tecnico,
Portugal","['Universitat Politecnica de Catalunya,\nSpain', 'Ecole Polytechnique,\nFrance', 'Université Paris-Sud,\nFrance', 'Grenoble Institute of Technology,\nFrance', 'KU Leuven,\nBelgium', 'Eindhoven University of Technology,\nNetherlands', 'Karlsruhe Institute of Technology,\nGermany', 'AGH University of Science and Technology,\nPoland', 'Silesian University of Technology,\nPoland', 'KTH Royal Institute of Technology,\nSweden', 'Uppsala University,\nSweden', 'Aalto University,\nFinland', 'Politecnico di Torino,\nItaly', 'InnoEnergy Headquarters,\nNetherlands']"
Heller School for Social Policy and Management,,[]
The Hubert Kairuki Memorial University,"Dar es Salaam, TZ,
Tanzania",[]
Michigan Ross School of Business,,[]
Amsterdam Business School,"Amsterdam Business School,
Netherlands","['University of Amsterdam,\nNetherlands']"
University Center of Aflou,"El Cherif Bouchoucha University Center of Aflou,
Algeria",[]
Liaquat University of Medical & Health Sciences,"Sindh, Jamshoro, PK,
Pakistan",[]
University of Southern Caribbean,,[]
"Griffith University, Office for Research",,[]
Saitama University,"Saitama University,
Japan",[]
Universita' degli Studi dell'Aquila,"Campus Coppito,
Italy","['Campus Roio,\nItaly', 'Campus Centro,\nItaly', 'Campus Coppito,\nItaly', 'Campus Roio,\nItaly', 'Campus Centro,\nItaly']"
Jabir ibn Hayyan Medical University,"Main Campus,
Iraq",[]
Warsaw University of Technology,"Pl. Politechniki 1, Warsaw , PL,
Poland",[]
Tilburg School of Economics & Management,,[]
International Relations Office,,[]
Galatasaray University,"Ortakoy, TR,
Türkiye",[]
"ENSCM, Chimie Montpellier","Montpellier, FR,
France",[]
Technische Universität Dresden,"TUD-Information, Mommsenstr. 9, Dresden, DE,
Germany",[]
Daejin University,South Korea,[]
Alliance Manchester Business School,"Alliance Manchester Business School,
United Kingdom","['Manchester,\nUnited Kingdom', 'Manchester Business School,\nUnited Kingdom']"
O.M.Beketov National University of Urban Economy,"Dormitory №1,
Ukraine","['Dormitory №2,\nUkraine', 'Dormitory №3,\nUkraine', 'Dormitory №4,\nUkraine', 'Dormitory №5,\nUkraine', 'Dormitory №6,\nUkraine', 'Dormitory №7,\nUkraine', 'Dormitory №8,\nUkraine', 'Dormitory №9,\nUkraine', 'Dormitory №10,\nUkraine', 'Main Campus,\nUkraine', 'Academic and Research Institute of Civil and Environmental Engineering,\nUkraine']"
Karakalpak State University,"Karakalpak State University,
Uzbekistan","['Faculty of Econimics,\nUzbekistan', 'Faculty of Law,\nUzbekistan', 'Faculty of Geography,\nUzbekistan', 'Faculty of Biology,\nUzbekistan', 'Faculty of Sport,\nUzbekistan', 'Faculty of Architecture,\nUzbekistan']"
Aarhus School of Architecture ,"Aarhus , DK,
Denmark",[]
The Sapir Academic College,"Ashkelon, IL,
Israel",[]
Beijing University of Technology,"100 PingLeYuan, Chaoyang District, Beijing, CN,
China (Mainland)",[]
Hochschule Vechta,"Vechta, DE,
Germany",[]
King Mongkut's University of Technology Thonburi ,"King Mongkut's University of Technology Thonburi,
Thailand","[""King Mongkut's University of Technology Thonburi,\nThailand""]"
"Faculty Of Health Sciences, Western University","Western University Campus,
Canada",[]
Maryville College,"Maryville,
Missouri,
United States",[]
LABA Valencia,"LABA Valencia,
Spain",[]
"University of Education, Lahore","Township Campus,
Pakistan","['Division of Education,\nPakistan', 'Division of Science & Technology,\nPakistan', 'Bank Road Campus,\nPakistan', 'LowerMall Campus,\nPakistan', 'Attock Campus,\nPakistan', 'DG Khan Campus,\nPakistan', 'Faisalabad Campus,\nPakistan', 'Juharabad Campus,\nPakistan', 'Multan Campus,\nPakistan', 'Vehari Campus,\nPakistan', 'Vehari Campus,\nPakistan']"
Central Saint Martins,"Central Saint Martins,
United Kingdom",[]
HEC Paris MBA,"HEC Paris,
France",[]
Qingdao Technological University Qindao College,"Qingdao Technological University Qindao College,
China (Mainland)",[]
University of Calgary,"Main Campus,
Canada","['Foothills Campus,\nCanada', 'University of Calgary in Qatar,\nQatar', 'Downtown Campus,\nCanada', 'Spy Hill Campus,\nCanada']"
INSA Business School,"INSA Barcelona,
Spain",[]
California Institute of Technology (Caltech),"California Institute of Technology (Caltech),
California,
United States",[]
NUS Business School,"Kent Ridge Campus,
Singapore","['MSc Programmes Office,\nSingapore', 'NUS Business School,\nSingapore']"
"INSEEC MBA Institute, Paris International Business School","Paris, FR,
France",[]
Odesa State Agrarian University,"OSAU,
Ukraine",[]
University College Ghent,"De Wijnaert,
Belgium","['Schoonmeersen,\nBelgium', 'Mercator,\nBelgium', 'Vesalius,\nBelgium', 'Ledeganck,\nBelgium', 'Aalst,\nBelgium', 'Melle,\nBelgium', 'Hoogpoort,\nBelgium', 'Bijloke,\nBelgium']"
Politeknik Negeri Jakarta,"Politeknik Negeri Jakarta,
Indonesia",[]
The University of Lahore,"The University of Lahore,
Pakistan","['The University of Lahore,\nPakistan', 'UoL City Campus (School of Accountancy and Finance),\nPakistan', 'The University of Lahore (Old Campus Islamabad),\nPakistan']"
Poznan School of Banking,"5/7, Ratajczaka street, Poznan, PL,
Poland","['5/7, Ratajczaka street, Poznan, PL,\nPoland']"
Karaganda Buketov University,"Academic building №1,
Kazakhstan","['Academic building №2,\nKazakhstan', 'Academic building № 3,\nKazakhstan', 'Academic building №4,\nKazakhstan', 'Academic building № 6,\nKazakhstan', 'Academic building №7,\nKazakhstan', 'Academic building № 8,\nKazakhstan', 'Academic building №9,\nKazakhstan', 'Academic building № 11,\nKazakhstan', 'Academic building #12,\nKazakhstan']"
Università degli studi Guglielmo Marconi,"MAIN ADMINISTRATIVE SITE,
Italy","['INTERACTIVE LEARNING AND ASSESSMENT CENTER,\nItaly', 'RECTORATE AND MULTIMEDIA PRODUCTION OFFICES,\nItaly', 'Marconi Studios,\nItaly']"
The College of Management - Academic Studies,"Rishon Lezion, Tel-Aviv, IL,
Israel",[]
Ahmet Yesevi Üniversitesi,,[]
CUNY College of Staten Island,"Staten Island,
New York,
United States",[]
Atatürk Üniversitesi,"Erzurum, TR,
Türkiye",[]
MDI Gurgaon,"Management Development Institute,
India",[]
Kyushu Institute of Technology ,"Tobata Campus,
Japan","['Iizuka Campus,\nJapan', 'Wakamatsu Campus,\nJapan']"
Universidad de Ibagué,"Universidad de Ibagué,
Colombia",[]
Southeast University,"Si Pai Lou Campus,
China (Mainland)","['Jiu Long Hu Campus,\nChina (Mainland)', 'Ding Jia Qiao Campus,\nChina (Mainland)']"
Architectural Association School of Architecture,"London,
United Kingdom",[]
"University of Economics in Bratislava, Slovakia","Košice,
Slovakia","['Bratislava,\nSlovakia']"
University of Michigan-Flint,"Flint,
Michigan,
United States",[]
Paris School of Economics ,"48 boulevard Jourdan, PARIS, FR,
France",[]
Khoja Akhmet Yassawi International Kazakh-Turkish University,"Campus 7,
Kazakhstan","['Building 1 in Kentau,\nKazakhstan', 'Industrial building,\nKazakhstan', 'Preparatory Faculty in Kentau,\nKazakhstan', 'Building 2 in Shymkent,\nKazakhstan', 'Building 1 in Shymkent,\nKazakhstan', 'Building 3 in Shymkent,\nKazakhstan']"
University of Richmond,"US,
Virginia,
United States",[]
Riphah International University,"Riphah International University City Campus 2 (I-14),
Pakistan","['Riphah International University Main Campus (G-7/4),\nPakistan', 'Riphah International University City Campus 2 (Al Mizan),\nPakistan', 'Riphah International University Lahore Campus,\nPakistan', 'Riphah International University Faisalabad Campus,\nPakistan']"
Doshisha - Graduate school of Business,"Doshisha,
Japan",[]
University of Joensuu,"Joensuu, FI,
Finland",[]
Indian Institute of Management (IIM) - Shillong,"Mayurbhanj Complex, Nongthymai, IN,
India",[]
RAMAIAH MEDICAL COLLEGE (RMC),"Ramaiah Medical College,
India",[]
Universidad Nacional del Nordeste (UNNE),"Rectorado (headquarters),
Argentina","['Campus Resistencia,\nArgentina', 'Campus Cabral,\nArgentina', 'Campus Deodoro Roca,\nArgentina', 'Campus de la Reforma,\nArgentina']"
Rushford Business School,"Rushford Business School,
Switzerland",[]
International School of Management (ISM),"Main campus,
Germany","['Dortmund Campus,\nGermany', 'Frankfurt campus,\nGermany', 'Munich Campus,\nGermany', 'Hamburg Campus,\nGermany', 'Cologne Campus,\nGermany', 'Stuttgart Campus,\nGermany', 'Berlin Campus,\nGermany', 'Dortmund,\nGermany']"
"Université Paris-Dauphine, Université PSL","Campus Porte Dauphine,
France","['Campus Tunis,\nTunisia', 'Campus London,\nUnited Kingdom', 'Campus Madrid,\nSpain', 'Campus La Défense,\nFrance', 'Campus IPJ (Institut Pratique du Journalisme),\nFrance', 'Campus Casablanca,\nMorocco']"
Westminster International University in Tashkent,,[]
Universidad Tecnológica de Panamá (UTP),"Sede Tocumen,
Panama","['Campus Víctor Levi Sasso,\nPanama', 'Sede Howard,\nPanama', 'Centro Regional de Azuero,\nPanama', 'Centro Regional de Bocas del Toro,\nPanama', 'Centro Regional de Chiriquí,\nPanama', 'Centro Regional de Coclé,\nPanama', 'Centro Regional de Colón,\nPanama', 'Centro Regional de Panamá Oeste,\nPanama', 'Centro Regional de Veraguas,\nPanama', 'Centro de Innovación y Transferencia Tecnológica,\nPanama']"
Universidade Estadual da Paraíba,"Universidade Federal da Paraíba,
Brazil",[]
Dar Al Uloom University,"Riyadh, SA,
Saudi Arabia",[]
Kwangju Women`s University ,"165 Sanjeong-dong, Gwangsan-gu, Kwangju, KR,
South Korea",[]
Masagung Graduate School of Management,"101 Howard Street, Suite 500, San Francisco, US,
California,
United States","['101 Howard Street, Suite 500, San Francisco, US,\nCalifornia,\nUnited States']"
"University of Economics in Bratislava, Slovakia","Košice,
Slovakia","['Bratislava,\nSlovakia']"
University of Illinois at Chicago (UIC),"University of Illinois, Chicago (UIC),
Illinois,
United States",[]
Universit internationale de Rabat,"international university of rabat,
Morocco",[]
Banzarov Buryat State University,,[]
Toyo University ,"Hakusan Campus,
Japan","['Akabane-dai Campus,\nJapan', 'Kawagoe Campus,\nJapan', 'Asaka Campus,\nJapan', 'Itakura Campus,\nJapan', 'Otemachi Satellite,\nJapan', 'Sogo Sports Center,\nJapan']"
University of Zalingei,"Zalingei Campus,
Sudan",[]
Yunnan University,"2 Chuihu North Road, Kunming, CN,
China (Mainland)",[]
Lynchburg College,"Lynchburg,
Virginia,
United States",[]
University of Palermo,"Piazza Marina, 61, Palermo, IT,
Italy","['Campus,\nItaly', 'via archirafi,\nItaly', 'Policlinico ""Paolo Giaccone"" - Azienda Ospedaliera Universitaria,\nItaly', 'via maqueda,\nItaly', 'Policlinico ""Paolo Giaccone"" - Azienda Ospedaliera Universitaria,\nItaly']"
University of Gent,"Ghent University,
Belgium",[]
"Hindustan Institute of Technology and Science, Chennai","Hindustan University,
India",[]
University of Economics - Varna,"University of Economics - Varna,
Bulgaria","['University of Economics - Varna 2,\nBulgaria']"
Universidade Federal de Itajubá,"Campus Itajubá,
Brazil","['Campus Itabira,\nBrazil']"
Marymount University,"2807 N.Glebe Road, Arlington, US,
Virginia,
United States",[]
University College Plymouth St Mark & St John,"Derriford Road, PLYMOUTH, GB,
United Kingdom",[]
Fachhochschule Aachen,"Aachen, DE,
Germany",[]
"Manipal Academy of Higher Education, Manipal, Karnataka, India","Manipal, Udupi, IN,
India",[]
Philipps-Universität Marburg ,"Biegenstraße 10 / 12, Marburg, DE,
Germany",[]
Zayed University,"Abu Dhabi Campus,
United Arab Emirates","['Dubai Campus,\nUnited Arab Emirates']"
Universidad Nacional de Lanús (UNLa),"29 de septiembre,
Argentina","['Bidegain,\nArgentina', 'Hipólito Yrigoyen,\nArgentina']"
Universidad Privada Dr. Rafael Belloso Chacín,"URBE,
Venezuela",[]
University of Belize,,[]
International University of Monaco,"Monaco,
Monaco",[]
Universidad Tecnológica de Bolívar,"Campus Tecnológico,
Colombia","['Campus Casa Lemaitre,\nColombia']"
Central China Normal University,"152 Luoyu Road, Wuhan, CN,
China (Mainland)",[]
Capella University,"225 South 6th Street,, Minneapolis, US,
Minnesota,
United States",[]
National United University,,[]
Al Baha University,"Al Baha, P.O Box 1988, Al Baha, SA,
Saudi Arabia",[]
Université Paris-Saclay,"Main Campus,
France",[]
Kuban State Agrarian University,,[]
Jinan University (China),"Main Campus,
China (Mainland)",[]
Universidad Tecnológica Privada de Santa Cruz (UTEPSA),"UTEPSA,
Bolivia",[]
"INSEEC MBA Institute, Paris International Business School","Paris, FR,
France",[]
Salahaddin University-Erbil,"College of Engineering,
Iraq","['College of Science,\nIraq', 'Presidency of Salahaddin University,\nIraq', 'College of Agriculture,\nIraq', 'College of Education,\nIraq', 'College of Arts,\nIraq', 'College of Languages,\nIraq', 'College of Administration and Economics,\nIraq', 'College of Law and Political Science,\nIraq', 'College of Basic Education,\nIraq', 'College of Physical Education & Sport Scinces,\nIraq', 'College of Fine Arts,\nIraq', 'College of Islamic Sciences,\nIraq', 'College of Education-Shaqlawa,\nIraq']"
British-Kazakh University,,[]
Bentley University,"Bentley University,
Massachusetts,
United States","['Bentley University,\nMassachusetts,\nUnited States']"
École Nationale d'Ingénieurs ENIM Metz,"Metz, FR,
France",[]
Rectorate,,[]
International Medical University,,[]
Heinrich Heine University Duesseldorf,,[]
"Royal Academy of Art, The Hague (KABK)","The Hague, NL,
Netherlands",[]
Indian Institute of Technology Roorkee (IITR),"Roorkee, IN,
India",[]
Universidad UNIACC,"Av.Salvador 1200, Santiago, CL,
Chile",[]
Alverno College,,[]
Norwegian University of Life Sciences,"Norwegian University of Life Sciences,
Norway",[]
Université Mohamed Cherif Mesaadia - Souk Ahras,"New Compus: University of Souk Ahras,
Algeria","['Old Compus: University of Souk Ahras,\nAlgeria', 'Institute of Agriculture and Veterinary Sciences,\nAlgeria']"
Lebanese Canadian University Lebanon,"Lebanese Canadian University,
Lebanon",[]
Bielefeld University,"Main campus,
Germany",[]
TELECOM Saint-Etienne,"Saint-Étienne, FR,
France",[]
WMG - Warwick Manufacturing Group,"WMG, University of Warwick, Coventry, GB,
United Kingdom",[]
"Sam Higginbottom Institute of Agriculture, Technology & Sciences","Prayagraj Campus,
India",[]
University of St. Gallen MBA,"The St. Gallen MBA, Blumenbergplatz 9, St. Gallen, CH,
Switzerland",[]
Full Sail University,"3300 University Boulevard, Winter Park, Florida, US,
Colorado,
United States","['3300 University Blvd, Winter Park, Florida, US,\nFlorida,\nUnited States']"
École Nationale Supérieure d'Ingénieurs de Caen (ENSICAEN),"Caen, FR,
France",[]
Aalto Executive Education Academy,"Aalto Executive Education Academy (Asia hub office),
Singapore","['The Ritz-Carlton, Millenia Singapore (Aalto EMBA class premise),\nSingapore']"
Australian Catholic University,"ACU Melbourne,
Australia","['ACU North Sydney,\nAustralia', 'ACU Brisbane,\nAustralia', 'ACU Adelaide,\nAustralia', 'ACU Ballarat,\nAustralia', 'ACU Canberra,\nAustralia', 'ACU Strathfield,\nAustralia']"
University of Tennessee - Knoxville,"UT Knoxville,
Tennessee,
United States",[]
Stefan cel Mare University of Suceava,"13 Universitatii Str., Suceava,,
Romania",[]
Gatton College of Business and Economics,"Lexington, US,
Kentucky,
United States",[]
Bundelkhand University,"Bundelkhand University Jhansi,
India",[]
Aleksandras Stulginskis University (Lithuanian University of Agriculture),"Akademija, LT,
Lithuania",[]
Western Governors University Tennessee,"US,
Tennessee,
United States",[]
Interregional Open Social Institute,"Yoshkar-Ola Campus,
Russia",[]
University of South Dakota - Beacom School of Business,"Patterson Hall, Univ. of South Dakota, Beacom School of Business, Vermillion, US,
South Dakota,
United States",[]
Institut Catholique de Toulouse (ICT),"Main campus,
France",[]
Jadara University,"Irbid Campus,
Jordan",[]
The Academy of Public Administration under the President of Kazakhstan,,[]
Beijing Normal University ,"19 Xinjiekouwai Street, Beijing, CN,
China (Mainland)",[]
"Gonzaga University: Rankings, Fees & Courses Details | Top Universities","Gonzaga University, 502 E. Boone Ave, Spokane, US,
Washington,
United States",[]
Center for International Development,"Box 90237, Terry Sanford Institute of Public Policy, Durham, US,
North Carolina,
United States",[]
Conservatoire national supérieur de musique et de danse de Paris (CNSMDP),"Paris, FR,
France",[]
Petra Christian University,"Jl. Siwalankerto 121-131, Surabaya, ID,
Indonesia",[]
Universitas Negeri Surabaya,"Universitas Negeri Surabaya,
Indonesia",[]
The University of Tokyo,"7-3-1, Hongo, Tokyo, JP,
Japan",[]
École Nationale de la Statistique et de l'Analyse de l'Information (ENSAI),"Bruz, FR,
France",[]
CENTRUM Catolica,"CENTRUM PUCP Graduate Business School,
Peru",[]
"University of Missouri, Columbia","University of Missouri,
Missouri,
United States",[]
Pontifícia Universidade Católica de São Paulo,"Campus Monte Alegre,
Brazil","['Campus Consolação,\nBrazil', 'Campus Santana,\nBrazil', 'Campus Ipiranga,\nBrazil', 'Campus Sorocaba,\nBrazil']"
University of Pittsburgh-Bradford,"Bradford,
Pennsylvania,
United States",[]
Olabisi Onabanjo University,"Olabisi Onabanjo University,
Nigeria",[]
Lebanese University,"Rafik Hariri Campus,
Lebanon","['Michel Sleiman Campus,\nLebanon']"
Information Networking Institute,,[]
DeVry University Kansas City,,[]
Tel Aviv University,"Tel Aviv University, Haim HaLevanon, Tel Aviv, IL,
Israel","['Ramat Aviv, P.O. Box 39040, Tel Aviv, IL,\nIsrael']"
Bursa Technical University,"Yıldırım Bayezid,
Türkiye",[]
Fergana Polytechnic Institute,"Fergana Polytechnic Institute,
Uzbekistan",[]
Lankaran State University,"Administrative building,
Azerbaijan","['Educational building 1,\nAzerbaijan', 'Educational building 2,\nAzerbaijan', 'Educational building 3,\nAzerbaijan', 'Dormitory 1 (for girls),\nAzerbaijan', 'Dormitory 2 (for boys),\nAzerbaijan']"
Ben-Gurion University of The Negev,"Be'er Sheva (Beersheba) Campus,
Israel","['1 BEN GURION BOULEVARD, BEER SHEVA, IL,\nIsrael', 'Marcus Family Campus, Beer Sheva, IL,\nIsrael', 'Bergman Campus, Beer Sheva, IL,\nIsrael', 'Tuviyahu Campus, Beer Sheva, IL,\nIsrael', 'Sde Boqer Campus, Sde Boqer, IL,\nIsrael', 'Eilat Campus, Eilat, IL,\nIsrael', ""Be'er Sheva, IL,\nIsrael"", ""Be'er Sheva (Beersheba) Campus,\nIsrael"", '1 BEN GURION BOULEVARD, BEER SHEVA, IL,\nIsrael', 'Marcus Family Campus, Beer Sheva, IL,\nIsrael', 'Bergman Campus, Beer Sheva, IL,\nIsrael', 'Tuviyahu Campus, Beer Sheva, IL,\nIsrael', ""Be'er Sheva, IL,\nIsrael""]"
Universidad Nacional de Entre Rios,,[]
State University of Management,"Moscow Campus,
Russia",[]
Brno University of Technology,"Main campus,
Czechia",[]
Universidad Nacional Autónoma de Honduras (UNAH),"CIUDAD UNIVERSITARIA,
Honduras","['UNAH-VS,\nHonduras', 'UNAH-TEC DANLI,\nHonduras', 'UNAH-TEC AGUAN,\nHonduras', 'UNAH-CURC,\nHonduras', 'UNAH-CURLA,\nHonduras', 'UNAH-CURLP,\nHonduras', 'UNAH-CUROC,\nHonduras', 'UNAH-CURNO,\nHonduras', 'UNAH-TEC DANLI,\nHonduras']"
Universidad Nacional de Mar del Plata,"Diagonal J. B. Alberdi 2695, Mar del Plata, Pcia. de Buenos Aires, AR,
Argentina","['Diagonal J. B. Alberdi 2695, Mar del Plata, AR,\nArgentina']"
Universitas Muhammadiyah Surabaya,"Universitas Muhammadiyah Surabaya,
Indonesia",[]
"Gonzaga University: Rankings, Fees & Courses Details | Top Universities","Gonzaga University, 502 E. Boone Ave, Spokane, US,
Washington,
United States",[]
"Ss. Cyril and Methodius University in Skopje, Republic of North Macedonia","Saints Cyril and Methodius University of Skopje,
North Macedonia","['Agriculture and Veterinary Medicine,\nNorth Macedonia']"
Universität  Leipzig,"Ritterstraße 26, Leipzig, DE,
Germany","['Ritterstraße 26, Leipzig, DE,\nGermany']"
Qingdao Technological University Qindao College,"Qingdao Technological University Qindao College,
China (Mainland)",[]
The University of Swabi,"Ambar,
Pakistan",[]
Royal Roads University,"Royal Roads University,
Canada",[]
University of Lodz,,[]
Universidad Olmeca,"Universidad Olmeca,
Mexico",[]
University College of Kalmar,"Kalmar, SE,
Sweden",[]
Southeastern University,,[]
Faculty of Business and Economics - Monash University,,[]
Sarsen Amanzholov East Kazakhstan University,"30 Gvardeiskoi divisii str. 34, Ust-Kamenogorsk, KZ,
Kazakhstan",[]
Universidad Privada Dr. Rafael Belloso Chacín,"URBE,
Venezuela",[]
"Faculty of Business, Government & Law",,[]
NHL Stenden University of Applied Sciences,"Main campus,
Netherlands",[]
Brigham Young University ,"Marriott School of Management,
Utah,
United States",[]
Mercer University,"Macon, US,
Georgia,
United States","['Macon Campus,\nGeorgia,\nUnited States']"
École Nationale Supérieure de Physique de Strasbourg (ENSPS),"Strasbourg, FR,
France",[]
Studialis,"Studialis International Office,
France","['Paris School of Businss,\nFrance', 'IESA,\nFrance', 'Cours Florent,\nFrance', 'ESG Management School,\nFrance', 'ESG CI,\nFrance', 'ESG F,\nFrance', 'Strate,\nFrance', 'Hetic,\nFrance', 'CLCF,\nFrance', 'ESGC&F,\nFrance', 'ESG Langues,\nFrance']"
Loughborough University London,"London Campus,
United Kingdom",[]
"ENSCM, Chimie Montpellier","Montpellier, FR,
France",[]
Universidad de Las Américas Ecuador,"Quito Campus,
Ecuador",[]
Goldey-Beacom College,,[]
University of Macedonia,"156 Egnatia Street, Thessaloniki, GR,
Greece",[]
Lehigh University,"Asa Packer Campus,
Pennsylvania,
United States","['19 Memorial Drive West,\nPennsylvania,\nUnited States', 'Murray H. Goodman Campus,\nPennsylvania,\nUnited States', 'Mountaintop Campus,\nPennsylvania,\nUnited States']"
Osgoode Hall Law School International LLM Program,,[]
School of Engineering,,[]
DeVry University Pomona,,[]
Nara Women's University,"Kitauoyahigashi-machi, Nara, JP,
Japan",[]
Toyota Technological Institute,"2-12 Hisakata, Tempaku-ku, Nagoya-shi, JP,
Japan",[]
Washington State University,,[]
Namangan State University,"Main campus,
Uzbekistan","['New Campus,\nUzbekistan', 'Campus 11,\nUzbekistan', 'Campus fine arts faculty,\nUzbekistan', 'Campus Chust,\nUzbekistan', 'Students hostel,\nUzbekistan']"
Universia Perú,,[]
Analysis Institute of Management,,[]
"Hochschule für Technik, Wirtschaft und Kultur Leipzig","Leipzig, DE,
Germany",[]
Transylvania University,"Lexington,
Kentucky,
United States",[]
Silesian University in Opava,"Opava,
Czechia","['Karvina,\nCzechia']"
University of Nebrija,"Campus de la Berzosa,
Spain","['Main Campus,\nSpain', 'Campus de Madrid-Princesa,\nSpain']"
Morrisville State College (SUNY),,[]
Universidade do Estado de Santa Catarina,"Av. Madre Benvenuta, 2007 - Itacorubi, Florianópolis-SC, BR,
Brazil","['Santa Catarina, BR,\nBrazil']"
Universidad de Magallanes,"Punta Arenas,
Chile",[]
Hamad bin Khalifa University,"Doha, QA,
Qatar",[]
Universidad Autónoma de Asunción (UAA),"Asunción Campus,
Paraguay",[]
Suliman S. Olayan School of Business,"P.O. Box: 11-0236, Riad El-Solh, Beirut, LB,
Lebanon",[]
Oldham College,,[]
Harbin Engineering University,"145 Nantong Street, Nangang District, Harbin, CN,
China (Mainland)",[]
National Technical University of Athens,"Zografou Campus,
Greece","['Athens Campus,\nGreece', 'Lavrion Technological and Cultural Park,\nGreece', 'Metsovion Interdisciplinary Research Center,\nGreece', 'Dionysos Satellite Observatory,\nGreece']"
Barbri International,,[]
Ukrainian State University of Chemical Technology,"The main complex,
Ukraine","['Mechanical faculty building,\nUkraine', 'Organic faculty building,\nUkraine', 'Sports centre,\nUkraine', 'Dormitory 2,\nUkraine', 'Dormitory 3,\nUkraine', 'Dormitory 4,\nUkraine', 'Dormitory 5,\nUkraine', 'Dormitory 6,\nUkraine']"
Fachhochschule Salzburg,"Urstein Süd 1, A-5412 Puch, Markt 136a, A-5431 Kuchl, Puch, AT,
Austria","['Urstein Süd 1, A-5412 Puch, Markt 136a, A-5431 Kuchl, Puch, AT,\nAustria']"
Port Said University,,[]
University of Business Innovation and Sustainability (UBIS),"Geneva Campus,
Switzerland","['Barcelona Campus,\nSpain', 'Main Campus,\nUnited States', 'Administrative Extension Office,\nUnited States']"
Misr International University,"Misr International University,
Egypt",[]
Innopolis University ,"Innopolis University,
Russia",[]
Damietta University,"Damietta University,
Egypt","['Damietta University,\nEgypt']"
Kindai University (Kinki University),"Main Campus,
Japan","['Nara,\nJapan', 'Osaka-Sayama,\nJapan', 'Wakayama,\nJapan', 'Hiroshima,\nJapan', 'Fukukoka,\nJapan']"
Shenzhen University,"Houhai,
China (Mainland)","['Xili,\nChina (Mainland)']"
S P Jain School of Global Management,"Singapore Campus,
Singapore","['Sydney Campus,\nAustralia', 'Dubai Campus,\nUnited Arab Emirates', 'Mumbai Campus,\nIndia']"
Wyższa Szkoła Biznesu – National Louis University,"Main campus,
Poland",[]
Tilburg School of Economics & Management,,[]
Russian State University of Innovative Technologies and Entrepreneurship (RGUITP),,[]
University of Texas at San Antonio,"Main Campus,
Texas,
United States","['Downtown Campus,\nTexas,\nUnited States', 'Hemisfair Campus,\nTexas,\nUnited States', 'Park West Campus,\nTexas,\nUnited States']"
Technische Universität Dresden,"TUD-Information, Mommsenstr. 9, Dresden, DE,
Germany",[]
Universidad del Distrito Federal (UDF),"Federal District University Campus Santa Maria,
Mexico","['Prolongacion Paseo de la Reforma N 880, Colonia Lomas de Santa Fe, Mexico DF, MX,\nMexico']"
Claflin University,"Orangeburg,
South Carolina,
United States",[]
University North Croatia,,[]
Graduate School of Business,"101 Penang Road, Singapore, SG,
Singapore",[]
Kansai University ,"Senriyama campus,
Japan","['Takatsuki Campus,\nJapan']"
Kazakh National Academy of Music,"Astana, KZ,
Kazakhstan",[]
University of Texas Dallas,"University of Texas Dallas,
Texas,
United States",[]
Palangka Raya University,"Kampus Tunjung Nyaho, Jalan Yos Sudarso, Palangka Raya, ID,
Indonesia",[]
Kogakuin University of Technology and Engineering,"1-24-2 Nishi-Shinjuku, Tokyo, JP,
Japan","['2665-1 Nakano-machi, Tokyo, JP,\nJapan', '2665-1 Nakano, Hachioji, JP,\nJapan', '1-24-2 Nishi-shinjuku, Shinjuku-ku, JP,\nJapan']"
La Trobe University,"Melbourne,
Australia","['Bendigo,\nAustralia', 'Albury-Wodonga,\nAustralia', 'Mildura,\nAustralia', 'Shepparton,\nAustralia', 'City,\nAustralia', 'Sydney,\nAustralia']"
EDC Paris Business School,"Campus La Défense,
France","['Campus La Villette,\nFrance']"
University of Economics in Katowice,"University of Economics in Katowice,
Poland",[]
Tata Institute of Fundamental Research,"TIFR Pune: National Centre for Radio Astrophysics (NCRA),
India","['TIFR Mumbai: Homi Bhabha Centre for Science Education (HBCSE),\nIndia', 'TIFR Hyderabad: TIFR Center for Interdisciplinary Sciences (TCIS),\nIndia', 'Tata Institute of Fundamental Research,\nIndia']"
Universidad Cooperativa de Colombia,"Sede Montería,
Colombia","['Sede Barrancabermeja,\nColombia', 'Sede Villavicencio,\nColombia', 'Sede Santa Marta,\nColombia', 'Sede Quibdó,\nColombia', 'Sede Popayán,\nColombia', 'Sede Pereira,\nColombia', 'Sede Pasto,\nColombia', 'Sede Neiva,\nColombia', 'Sede Arauca,\nColombia', 'Sede Medellín,\nColombia', 'Sede Ibagué,\nColombia', 'Sede Espinal,\nColombia', 'Sede Cartago,\nColombia', 'Sede Cali,\nColombia', 'Sede Bucaramanga,\nColombia', 'Sede Bogotá,\nColombia', 'Sede Apartadó,\nColombia']"
Catholic University of Pusan,"9 Pugok 3-dong, Keumjeong-gu, Pusan, KR,
South Korea",[]
Hofstra University,"Hempstead Campus,
New York,
United States",[]
Niigata University,"8050 Ikarashi 2-no-cho, Nishi Ward, Niigata City, JP,
Japan",[]
Faculty of Human Sciences - Universidade Catolica Portuguesa,"Main Campus,
Portugal",[]
Kyoto Women's University,"Higashiyama Campus,
Japan",[]
Dumlupinar Üniversitesi,"Kutaia, TR,
Türkiye",[]
Sunchon National University ,"Suncheon Campus,
South Korea",[]
Bar-Ilan University,"Ramat Gan, IL,
Israel","['Bar-Ilan Faculty of Medicine, Safed,\nIsrael']"
Universidad Nacional de La Plata (UNLP),"Avda. 7 Nro. 776, La Plata, AR,
Argentina","['Avda. 7 N° 776, Buenos Aires, AR,\nArgentina']"
Anadolu University,"Yunus Emre,
Türkiye",[]
UNIVERSITY OF GDANSK,"Campus Gdansk-Oliwa,
Poland","['Campus Sopot,\nPoland', 'Campus Gdynia,\nPoland']"
"University of California, Davis","Davis Campus,
California,
United States","['Sacramento Campus,\nCalifornia,\nUnited States']"
National University of Kaohsiung,"National University of Kaohsiung,
Taiwan",[]
Universidade Federal de Santa Maria,"Campus Sede da UFSM em Santa Maria,
Brazil","['Campus da UFSM em Frederico Westphalen,\nBrazil', 'Campus da UFSM em Palmeira das Missões,\nBrazil', 'Campus da UFSM em Cachoeira do Sul,\nBrazil']"
Rheinische Friedrich-Wilhelms-Universität Bonn,"Regina-Pacis-Weg 3, Bonn, DE,
Germany",[]
Universidad de Las Américas Ecuador,"Quito Campus,
Ecuador",[]
Università degli Studi della Tuscia (University of Tuscia),"Viterbo,
Italy","['Civitavecchia,\nItaly']"
Ukrainian National Forestry University,"Administrative building,
Ukraine","['Study building 1,\nUkraine', 'Study building 2,\nUkraine', 'Study building 3,\nUkraine', 'Study building 4,\nUkraine', 'Study building 5,\nUkraine', 'Study building 7,\nUkraine']"
Universidad Panamericana (UP),"Mexico City Campus,
Mexico","['Aguascalientes Campus,\nMexico', 'Guadalajara Campus,\nMexico']"
Teesside University Business School,,[]
Bard College,"Red Hook, US,
New York,
United States",[]
Balikesir Üniversitesi,"Balikesir, TR,
Türkiye",[]
Nanjing Normal University,"122 Ninghai Road, Nanjing, CN,
China (Mainland)","['122 Ninghai Road, Nanjing, CN,\nChina (Mainland)']"
Universita' degli Studi Suor Orsola Benincasa,"via Suor Orsola, 10, Napoli, IT,
Italy",[]
Fudan University,"220 Handan Road, Yang Pu, Shanghai, CN,
China (Mainland)",[]
Volgograd State University,"Main Campus,
Russia","['Volzhsky Humanities Institute (Branch of VolSU),\nRussia']"
Hochschule für Künste Bremen,"Bremen, DE,
Germany",[]
D’Amore-McKim School of Business,"350 Dodge Hall, 360 Huntington Avenue, Boston, US,
Massachusetts,
United States","['350 Dodge Hall, 360 Huntington Avenue, Boston, US,\nMassachusetts,\nUnited States']"
Royal Roads University,"Royal Roads University,
Canada",[]
University of Guam,,[]
Université of Jijel - Mohammed Seddik BENYAHIA,"Campus Jijel,
Algeria","['Campus TASSOUST,\nAlgeria']"
National Taipei University of Nursing and Health Sciences,"Main Campus,
Taiwan","['Second Campus,\nTaiwan']"
Southern Utah University,"351 West University Boulevard, Cedar City, US,
Utah,
United States",[]
DCT International Hotel & Business Management School,"Vitznau, CH,
Switzerland",[]
Chitkara University,"Chitkara University, Punjab,
India",[]
University of Missouri Saint Louis,"Missouri, US,
Missouri,
United States",[]
Nizhny Novgorod State Technical University n.a. R.E. Alekseev,,[]
Universidad Nacional de Educación a Distancia,"Campus Sede Central,
Spain","['Centro São Paulo,\nBrazil', 'Centro Buenos Aires,\nArgentina', 'Centro Lima,\nPeru', 'Centro México,\nMexico', 'Rectorado,\nSpain', 'Centro Sao Paulo,\nBrazil']"
Indonesia Institute of the Arts Yogyakarta,"Jalan Parangtritis Km. 6, Yogyakarta, ID,
Indonesia",[]
INTERNATIONAL COLLEGE OF MUSIC,"International College of Music, Wisma ICOM,Lot 126,Section 85A, Kuala Lumpur, MY,
Malaysia","['Wisma ICOM, Lot 126, Section 85A, Lorong Setapak, Jalan Pahang, Kuala Lumpur, MY,\nMalaysia']"
University of St. Thomas - Houston,"Houston,
Texas,
United States",[]
University College of Applied Sciences Gaza,"Gaza Campus,
Palestinian Territories",[]
Amsterdam University College (AUC),"PO Box 94160, Amsterdam, NL,
Netherlands",[]
Universiti Teknologi PETRONAS (UTP),"Universiti Teknologi PETRONAS,
Malaysia",[]
Dania Danish Academy of Business and Technology ,"DK,
Denmark","['Minerva Randers, Minervavej 63, Randers SØ, DK,\nDenmark']"
Voronezh State Technical University,"Voronezh, RU,
Russia",[]
Indian Institute of Management (IIM) - Ahmedabad,"Indian Institute of Management - Ahmedabad,
India",[]
Supélec,,[]
Saint Joseph University of Beirut (USJ) ,"Campus des sciences médicales,
Lebanon","['Campus des sciences sociales,\nLebanon', 'Campus des sciences et technologies,\nLebanon', 'Campus des sciences humaines,\nLebanon', ""Campus de l'innovation et du sport,\nLebanon"", ""Centre d'études universitaires du Liban-Nord,\nLebanon"", ""Centre d'études universitaires du Liban-Sud,\nLebanon"", ""Centre d'études universitaires de Zahlé et de la Békaa,\nLebanon"", ""Centre d'études universitaires de Dubai,\nUnited Arab Emirates"", ""Campus de l'innovation et du sport,\nLebanon"", ""Centre d'études universitaires du Liban-Nord,\nLebanon"", ""Centre d'études universitaires du Liban-Sud,\nLebanon"", ""Centre d'études universitaires de Zahlé et de la Békaa,\nLebanon"", ""Centre d'études universitaires de Dubai,\nUnited Arab Emirates""]"
Universiti Teknologi Brunei,"Universiti Teknologi Brunei,
Brunei",[]
Morgan State University,"Baltimore, US,
Maryland,
United States",[]
University of Namur,"Namur, BE,
Belgium",[]
Institut Supérieur de l'Aéronautique et de l'Espace (ISAE),"Toulouse, FR,
France",[]
Hamilton College,"Clinton,
New York,
United States",[]
National Film School of Denmark,"Theodor Christensens Plads 1, Copenhagen, DK,
Denmark",[]
Fort Lewis College,"Durango,
Colorado,
United States",[]
Banasthali Vidyapith,"Banasthali Vidyapith,
India",[]
West Kazakhstan Marat Ospanov Medical University,"Main campus,
Kazakhstan","['Educational and laboratory Campus No. 1,\nKazakhstan', 'Educational and laboratory Campus No. 2,\nKazakhstan', 'Morphological Campus,\nKazakhstan', 'Military Sports Campus,\nKazakhstan']"
Universidad Catolica de Avila 'Santa Teresa de Jesus,"CAMPUS PRINCIPAL CANTEROS,
Spain","['CAMPUS LA INMACULADA,\nSpain']"
Kansai Gaidai University,"Nakamiya Campus,
Japan",[]
BEM Bordeaux Management School,"680, cours de la Liberation, Talence, FR,
France","['France', '680 cours de la Libération, Bordeaux, FR,\nFrance']"
University of Belgrade,"Studentski trg 1, 11000 Beograd, Belgrade, RS,
Serbia","['RS,\nSerbia', '']"
Guru Ghasidas Vishwavidyalaya (A Central University),"Guru Ghasidas Vishwavidyalaya (A Central University),
India",[]
Business School Lausanne,"Route de la Maladière 21, 1022 Chavannes, CH,
Switzerland",[]
BRAC University,"BRAC University,
Bangladesh",[]
Dhurakij Pundit University,,[]
Aden University,"Aden University,
Panama",[]
University of St Thomas,"St Paul, US,
Minnesota,
United States","['Terrence Murphy Hall, Suite 100, 1000 LaSalle Ave, Minneapolis, US,\nMinnesota,\nUnited States', 'St Paul, US,\nMinnesota,\nUnited States']"
Zhejiang University School of Management,"Zijingang Campus,
China (Mainland)",[]
Kazan National Research Technical University named after A.N.Tupolev-KAI,"10, Karl Marx Street, Kazan, RU,
Russia",[]
Harbin Cambridge University,"Harbin Cambridge University,
China (Mainland)",[]
University of Chichester,,[]
University of Surabaya,"Ngagel Campus,
Indonesia","['Tenggilis Campus,\nIndonesia', 'Trawas Campus,\nIndonesia']"
Diplomatic Academy of Vienna,"Vienna,
Austria",[]
Shanghai University – MBA and Management Education Center,"Shanghai,
China (Mainland)",[]
Brigham Young University ,"Marriott School of Management,
Utah,
United States",[]
Orel State University named after I.S. Turgenev,"Orel State University,
Russia",[]
Western Carolina University,"Cullowhee, US,
North Carolina,
United States",[]
Trinity College Dublin,"Dublin Campus,
Ireland",[]
Kalamazoo College,,[]
Gunma Prefectural Women's University,"Gunma Prefectural Women's University,
Japan","[""Gunma Prefectural Women's University,\nJapan""]"
Musashino University,"Nishitokyo, Tokyo, JP,
Japan",[]
Université Paris-Est Créteil Val de Marne,"Main Campus,
France","['Paris, FR,\nFrance']"
Inter College Business School,"Inter College Business School,
Netherlands",[]
Korea University,"145 Anam-Ro, Seongbuk-Gu, Seoul, KR,
South Korea",[]
Claremont Graduate University,"150 E. 10th St, Claremont, US,
California,
United States",[]
Ambassador Crawford College of Business and Entrepreneurship,"Kent, OH, US,
Ohio,
United States",[]
Szechenyi Istvan University (University of Gyor),"Széchenyi István University (SZE),
Hungary","['Széchenyi István University, Faculty of Apáczai Csere János,\nHungary', 'Széchenyi István University, Faculty of Agricultural and Food Science,\nHungary', 'Széchenyi István University, Faculty of Performance and Fine Arts,\nHungary', 'Széchenyi István University, Deák Ferenc Faculty of Law and Political Sciences,\nHungary']"
Universidad Autónoma de San Luis de Potosí,"Alvaro Obregon 64, San Luis Potosi­, SLP, MX,
Mexico","['Zona Universitaria Poniente,\nMexico', 'Zona Universitaria Oriente,\nMexico']"
Izmir Ekonomi Universitesi / Izmir University of Economics,"IZMIR EKONOMI UNIVERSITESI / IZMIR UNIVERSITY OF ECONOMICS,
Türkiye",[]
Leeds Art University,,[]
Incheon National University,"319, Incheondae-gil, Incheon, KR,
South Korea",[]
Kenyatta University,"P O Box 43844-00100, Nairobi, KE,
Kenya","['Nairobi, KE,\nKenya']"
ISBM - International School of Business Management,"Luzernerstrasse 127 - 6014 Littau, Canton of Lucerne, CH,
Switzerland",[]
University of Notre Dame,"University of Notre Dame,
Indiana,
United States",[]
IHTTI School of Hotel Management,"Caux Campus,
Switzerland","['Leysin Campus,\nSwitzerland']"
University of Tehran,"16 Azar Street, Enghelab Ave, Tehran, IR,
Iran",[]
Sarah Lawrence University,,[]
Analysis Institute of Management,,[]
Udmurt State University,"Izhevsk Campus,
Russia",[]
Université Catholique de L,"Le Vincin, Arradon, FR,
France",[]
Technische Universität Dresden,"TUD-Information, Mommsenstr. 9, Dresden, DE,
Germany",[]
Mansoura University,"Mansoura University,
Egypt",[]
Universite Catholique de Lille,"Saint Raphaël,
France",[]
Universidad de Quintana Roo,"Boulevard Baha s/n esq. Ignacio Comonfort, Col. del Bosque Chetumal, Quintana Roo, MX,
Mexico","['Boulevard Bahía s/n esq. Ignacio Comonfort, Col. del Bosque Chetumal, Quintana Roo, MX,\nMexico']"
Suez University,"Suez University,
Egypt",[]
ESIEE Engineering,"Paris, FR,
France",[]
UCI Paul Merage School of Business,"The Paul Merage School of Business,
California,
United States","['UC Irvine,\nCalifornia,\nUnited States']"
Urmia University,"Urmia, IR,
Iran",[]
Linnaeus University Sweden,"Campus Växjö,
Sweden","['Campus Kalmar,\nSweden', 'Campus Ljungby,\nSweden']"
Osaka City University,"3-3-138, Sugimoto, Sumiyoshi-ku, Osaka-shi, JP,
Japan",[]
University of Illinois at Urbana-Champaign,"University of Illinois Urbana-Champaign,
Illinois,
United States",[]
University of Tampa,"The University of Tampa,
Florida,
United States",[]
Sulaiman Al Rajhi University,"Al Bukayriyah Campus,
Saudi Arabia",[]
Dong-A University ,"Busan, KR,
South Korea",[]
"University of Maryland, Baltimore","Main,
United States",[]
Tomsk State Pedagogical University,"Tomsk State Pedagogical University,
Russia",[]
Full Sail University,"3300 University Boulevard, Winter Park, Florida, US,
Colorado,
United States","['3300 University Blvd, Winter Park, Florida, US,\nFlorida,\nUnited States']"
Universiti Malaysia Pahang Al-Sultan Abdullah (UMPSA),"UMP Kampus Gambang,
Malaysia","['UMP Pekan,\nMalaysia']"
SUNY Cobleskill,,[]
Pitirim Sorokin Syktyvkar State University,"Pitirim,
Russia",[]
Prince Mohammad University,,[]
Shahid Chamran University of Ahvaz,"Ahvaz, IR,
Iran",['']
TUM School of Management,"München, DE,
Germany",[]
"Siberian Federal University, SibFU","SibFU,
Russia",[]
La Sierra University,,[]
University of Kentucky,"University of Kentucky,
Kentucky,
United States",[]
Department of Computer Science,,[]
TELECOM Saint-Etienne,"Saint-Étienne, FR,
France",[]
"University of Science & Technology, Yemen","Main Campus,
Yemen",[]
University of Baghdad,"Al Jadriya,
Iraq","['Bab Al Muaatham,\nIraq', 'Faculty of Fine Arts,\nIraq', 'Faculty of Physical Education for Girls,\nIraq', 'College of Administration and Economics,\nIraq', 'College of Law,\nIraq', 'Ibn Al Haitham,\nIraq', 'medical group,\nIraq', 'Nursing / University of Baghdad College,\nIraq', 'Al-Kindy College Of Medicine,\nIraq', 'College of Agriculture,\nIraq', 'College of Veterinary Medicine,\nIraq']"
Institut National des Sciences Appliquées de Strasbourg (INSA),"Strasbourg, FR,
France",[]
SUNY Canton,,[]
University of Jammu,"Jammu Campus,
India",[]
"Moscow State University of Economics, Statistics and Informatics (MESI) ","Main campus,
Russia",[]
Josai International University,"1 Gumyo, Togane-shi, Chiba-ken , JP,
Japan",[]
Universitas Muhammadiyah Surabaya,"Universitas Muhammadiyah Surabaya,
Indonesia",[]
Ghulam Ishaq Khan Institute of Engineering Sciences and Technology,"Ghulam Ishaq Khan Institute of Engineering Sciences and Technology,
Pakistan",[]
Valahia University of Targoviste,"Main Campus,
Romania","['Secondary Campus in Targoviste,\nRomania', 'Campus in Alexandria,\nRomania']"
Louisiana State University,"Louisiana State University,
Louisiana,
United States","['LSU Eunice,\nLouisiana,\nUnited States', 'LSU Shreveport,\nLouisiana,\nUnited States', 'LSU Alexandria,\nLouisiana,\nUnited States']"
Harvey Mudd College,"Claremont,
California,
United States",[]
University of the Sunshine Coast,"UniSC Sunshine Coast,
Australia","['UniSC Gympie,\nAustralia', 'UniSC Caboolture,\nAustralia', 'UniSC Fraser Coast,\nAustralia', 'UniSC Moreton Bay,\nAustralia', 'UniSC Thompson Institute,\nAustralia']"
National Film School of Denmark,"Theodor Christensens Plads 1, Copenhagen, DK,
Denmark",[]
Sungkyunkwan University,"53 Myungryun-Dong 3 Ga Jongro-Gu,
South Korea",[]
Azerbaijan University of Languages,"Baku, AZ,
Azerbaijan","['Azerbaijan, AZ,\nAzerbaijan']"
Ho Chi Minh City Open University,"Ho Hao Hon,
Vietnam","['Vo Van Tan,\nVietnam', 'Nguyen Kiem,\nVietnam', 'Mai Thi Luu,\nVietnam', 'Binh Duong,\nVietnam', 'Dong Nai,\nVietnam', 'Khanh Hoa,\nVietnam']"
Washington University in St. Louis,"Danforth Campus,
Missouri,
United States","['Medical Campus,\nMissouri,\nUnited States']"
RMIT International University Vietnam,,[]
Foreign Affairs and International Trade Canada,"125 Sussex Drive, Ottowa, CA,
Canada",[]
Manipal University Jaipur,"Manipal University Jaipur,
India",[]
"University of Illinois, Springfield (UIS)","One University Plaza, Springfield, US,
Illinois,
United States",[]
University of Milano-Bicocca ,"Piazza dell'Ateneo Nuovo, 1, Milano , IT,
Italy","[""Piazza dell'Ateneo Nuovo, 1, Milano , IT,\nItaly""]"
D. Serikbayev East Kazakhstan Technical University,"Administrative building,
Kazakhstan",[]
University of El Oued,"University of El Oued,
Algeria",[]
California Intercontinental University,"Main campus,
United States",[]
Soran University,"Soran University - Delzyan Campus,
Iraq",[]
LABA Valencia,"LABA Valencia,
Spain",[]
Naif Arab University for Security Sciences,"Riyadh, SA,
Saudi Arabia",[]
Sri Lanka Institute of Information Technology (SLIIT),"Malabe Campus,
Sri Lanka",[]
Kyiv National University of Technologies and Design,"Main Campus,
Ukraine","['Cherkasy Campus,\nUkraine', 'College of Arts and Design,\nUkraine', 'Lviv College of Fashion Industry,\nUkraine', 'Chernihiv Industrial and Economic College,\nUkraine']"
RMIT University,"Melbourne City campus,
Australia","['Bundoora campus,\nAustralia', 'Brunswick campus,\nAustralia', 'Hanoi campus,\nVietnam', 'Saigon South campus,\nVietnam']"
 Instituto Superior de Economia y Administración de Empresas    ,"SV,
El Salvador","['Calle El Pedregal y Calle acceso a Escuela Militar,, Antiguo Cuscatlán,, La Libertad, SV,\nEl Salvador']"
Medical University of Vienna,"Spitalgasse 23, Vienna, AT,
Austria",[]
Singapore University of Technology and Design,"8 Somapah Road, SG,
Singapore",[]
Universidad Autónoma de Manizales ,"Manizales, CO,
Colombia",[]
Buckinghamshire New University,"High Wycombe Campus, Queen Alexandra Road, High Wycombe, GB,
United Kingdom","['Aylesbury Campus,\nUnited Kingdom']"
Universidade Federal do Estado do Rio de Janeiro,"UNIRIO - Universidade do Estado do Rio de Janeiro,
Brazil","['Rio de Janeiro, BR,\nBrazil']"
Institución Universitaria Esumer,,[]
Universidad Católica de Temuco,"Manuel Montt Nro. 56, Temuco, CL,
Chile","['Temuco, CL,\nChile']"
National Aerospace University - Kharkiv Aviation Institute,,[]
Scotland's Rural College (SRUC),"Edinburgh, GB,
United Kingdom",[]
University of Tsukuba,"1-1-1 Tennodai, Tsukuba, JP,
Japan",[]
University of Houston,"University of Houston,
Texas,
United States",[]
Golpayegan University of Technology,,[]
Universidad Pablo de Olavide,"Sevilla, ES,
Spain",[]
Hamdan Bin Mohammed Smart University (HBMSU),,[]
I. Razzakov Kyrgyz State Technical University,"I.Razzakov Kyrgyz State Technical University(1),
Kyrgyzstan","['Branch Academician Kh. A. Rakhmatulin in Tokmok,\nKyrgyzstan', 'Branch In Kyzyl-Kiya,\nKyrgyzstan', 'Branch in Kara- Balta town,\nKyrgyzstan', 'Branch in Kara-Kul,\nKyrgyzstan', 'I.Isanov Kyrgyz Civil Engineering Institute (campus 2),\nKyrgyzstan']"
California Polytechnic State University,"California, US,
California,
United States",[]
Galgotias University,,[]
Yong In University ,"470 Samga-dong, Cheoin-gu, Yongin-si, KR,
South Korea",[]
Mid Sweden University ,"Sundsvall, SE,
Sweden","['-, SE,\nSweden']"
Southern Leyte State University,"Main Campus,
Philippines","['Hinunangan Campus,\nPhilippines', 'San Juan Campus,\nPhilippines', 'Bontoc Campus,\nPhilippines', 'Tomas Oppus Campus,\nPhilippines', 'Maasin City Campus,\nPhilippines']"
American Institute of Applied Sciences in Switzerland,"Main campus,
Switzerland",[]
Institut Mines-Télécom,"46 rue Barrault, Paris, FR,
France",[]
University of El Oued,"University of El Oued,
Algeria",[]
"Business School, Universidad EAFIT","Carreras 49 No 7 sur 50, Avda Las Vegas, Medellin, CO,
Colombia",[]
"Kazakh University of Economics, Finance and International Trade","Zhubanov street, #7, Astana, Astana, Kazakhstan, KZ,
Kazakhstan",[]
Universitas Muhammadiyah Prof. Dr. Hamka ,"Jalan Limau II, Kebayoran Baru, Jakarta Selatan , ID,
Indonesia","['Jalan Limau II, Kebayoran Baru, Jakarta Selatan , ID,\nIndonesia']"
Korea Aerospace University ,"200-1, Hwajeon-dong, Goyang-city, KR,
South Korea",[]
Universidad de Ciencias y Artes de Chiapas,"Unicach Reforma,
Mexico","['Unicach Chiapa de Corzo,\nMexico', 'CESMECA,\nMexico', 'Unicach Carranza,\nMexico', 'Ciudad Universitaria,\nMexico', 'CUID-Oriente,\nMexico', 'CUID Campus,\nMexico', 'Unicach Villacorzo,\nMexico', 'Unicach Palenque,\nMexico', 'Unicach Nueva Palestina,\nMexico', 'Unicach Tonala,\nMexico', 'Unicach Mapastepec,\nMexico', 'Unicach Acapetahua,\nMexico', 'Unicach Huixtla,\nMexico', 'Unicach Motozintla,\nMexico']"
Institute of Public Administration,"Institute of Public Administration,
Saudi Arabia",[]
University of Pittsburgh-Bradford,"Bradford,
Pennsylvania,
United States",[]
"Utkal University, Bhubaneswar",,[]
Technische Universität Braunschweig,"Braunschweig (Brunswick),
Germany",[]
Universidade Regional do Noroeste do Estado do Rio Grande do Sul ,"Campus Central,
Brazil","['Rio Grande Do Sul, BR,\nBrazil']"
Swiss School of Business and Management (SSBM Geneva),"Main campus,
Switzerland",[]
"Université Paris-Dauphine, Université PSL","Campus Porte Dauphine,
France","['Campus Tunis,\nTunisia', 'Campus London,\nUnited Kingdom', 'Campus Madrid,\nSpain', 'Campus La Défense,\nFrance', 'Campus IPJ (Institut Pratique du Journalisme),\nFrance', 'Campus Casablanca,\nMorocco']"
Universidad Publica de Navarra,"31006, ES,
Spain",[]
Saint Mary's College,"Moraga,
California,
United States",[]
Simmons University,"Simmons University,
Massachusetts,
United States",[]
École Nationale Supérieure des Sciences de l'Information et des Bibliothèques (ENSSIB),"Villeurbanne, FR,
France",[]
University of Denver,"University of Denver,
Colorado,
United States",[]
Beijing University of Chinese Medicine,"11 Bei San Huan Dong Lu, Chao Yang District, Beijing , CN,
China (Mainland)",[]
National Sun Yat-sen University,"70 Lien-hai Rd., Kaohsiung, TW,
Taiwan",[]
Кing George's Medical University,"Main,
India",[]
Universidad Don Bosco,"Soyapango,
El Salvador","['Antiguo Cuscatlán,\nEl Salvador']"
Fachhochschule Bielefeld,"Bielefeld, DE,
Germany",[]
Volgograd State University,"Main Campus,
Russia","['Volzhsky Humanities Institute (Branch of VolSU),\nRussia']"
"University of Engineering and Technology, Taxila","Main campus,
Pakistan",[]
Tampere University,"Hervanta Campus,
Finland","['Kauppi Campus,\nFinland', 'City Centre Campus,\nFinland']"
Wisconsin School of Business,"2450 Grainger Hall, 975 University Ave, Madison, US,
Wisconsin,
United States",[]
University of Haifa,"Haifa 31905, Haifa, IL,
Israel",[]
"Karnatak University, Dharwad",,[]
Tampere University of Technology ,"Tampere, FI,
Finland",[]
Case School of Law,,[]
Sturm College of Law,,[]
Université Tunis Carthage,"UTC Université Tunis Carthage,
Tunisia",[]
Komar University of Science and Technology,,[]
The University of North Bengal,"University of North Bengal,
India",[]
Nagoya University,"Higashiyama Campus,
Japan","['Tsurumai Campus,\nJapan']"
University Canada West,"UCW West Pender Campus,
Canada","['UCW Vancouver House Campus,\nCanada']"
Edinboro University of Pennsylvania,,[]
Grigol Robakidze University,"Grigol Robakidze University,
Georgia",[]
Kazakh Ablai Khan University of International Relations and World Languages,"Main Campus,
Kazakhstan",[]
Dongseo University ,"Busan, KR,
South Korea",[]
Southern Connecticut State University,,[]
ESCUELA POLITECNICA NACIONAL-FACULTAD DE CIENCIAS ADMINISTRATIVAS,"EC,
Ecuador","['Ladrón de Guevara E11-251-DEPCA Edificio de Ing.Civil 4to. piso - EPN, Quito, EC,\nEcuador']"
Columbia Business School,"Columbia Business School,
New York,
United States",[]
"Bahria University, Islamabad. Pakistan","Bahria University 13 National Stadium Road, Karachi, Karachi, PK,
Pakistan","['Bahria University Islamabad Campus,\nPakistan', 'Bahria University Medical & Dental College, National Stadium Road, KARACHI, PK,\nPakistan', 'Bahria University Lahore Campus,\nPakistan']"
"University of California, Riverside, A. Gary Anderson Graduate School of Management","101 Anderson South, 900 University Avenue, Riverside, US,
California,
United States",[]
Universidade Federal Fluminense ,"Campus de Macaé,
Brazil","['Unidade Avançada de Oriximiná,\nBrazil', 'Escola de Engenharia Industrial Metalúrgica de Volta Redonda,\nBrazil', 'Campus de Petrópolis,\nBrazil', 'Faculdade de Veterinária,\nBrazil', 'Escola de Enfermagem Aurora de Afonso Costa,\nBrazil', 'Faculdade de Direito,\nBrazil', 'Faculdade de Farmácia,\nBrazil', 'Campus de Rio das Ostras,\nBrazil', 'Instituto de Arte e Comunicação Social,\nBrazil', 'REITORIA,\nBrazil', 'Campus de Campos de Goytacazes,\nBrazil', 'Campus de Angra dos Reis,\nBrazil', 'Campus de Santo Antonio de Padua,\nBrazil', 'Campus do Aterrado,\nBrazil', 'Campus de Nova Friburgo,\nBrazil', 'Campus do Valonguinho,\nBrazil', 'Campus do Gragoatá,\nBrazil', 'Campus da Praia Vermelha,\nBrazil']"
Tilburg School of Economics & Management,,[]
Heller School for Social Policy and Management,,[]
Fairleigh Dickinson University,,[]
University of Mississippi,"University of Mississippi,
Mississippi,
United States","['Tupelo Campus,\nMississippi,\nUnited States', 'DeSoto Campus,\nMississippi,\nUnited States', 'Booneville Campus,\nMississippi,\nUnited States', 'Grenada Campus,\nMississippi,\nUnited States']"
School of Finance,,[]
National Technical University of Ukraine ,"37, Peremogy ave., Kyiv, UA,
Ukraine",[]
Shih Chien University,"Shih Chien University (Taipei Campus),
Taiwan","['( Kaohsiung Campus),\nTaiwan']"
"Jesse H. Jones Graduate School of Business, Rice University","Rice University,
Texas,
United States",[]
William Paterson University of New Jersey,"New Jersey,
New Jersey,
United States",[]
Ateneo de Davao University ,"Roxas Avenue, Davao City, PH,
Philippines",[]
"International Islamic University, Islamabad (IIU)","New Campus IIUI,
Pakistan","['Faisal Mosque Campus IIUI,\nPakistan']"
Erciyes University,"Main Campus,
Türkiye",[]
Institut Universitaire Kurt Bösch,"Institut Universitaire Kurt Bösch,
Switzerland","['Institut Universitaire Kurt Bösch,\nSwitzerland']"
Botswana College of Agriculture,"Gaborone, BW,
Botswana",[]
Ellis University,"111 N Canal St, Suite 455, Chicago, US,
Illinois,
United States","['111 N Canal St, Suite 455, Chicago, US,\nIllinois,\nUnited States']"
Conservatorio Santa Cecilia,"Via dei Greci n. 18, Roma, IT,
Italy",[]
University of Central Punjab,"Main campus,
Pakistan",[]
Grenoble Ecole de Management,"Grenoble Campus,
France","['Paris Campus,\nFrance']"
Universidad Rey Juan Carlos,"Alcorcón,
Spain","['Móstoles,\nSpain']"
New Design University ,"St. Plten, AT,
Austria","['St. Pölten, AT,\nAustria']"
Università degli Studi di Camerino,"Piazza Cavour 19/f, Camerino (MC), IT,
Italy",[]
LIUC - Università Cattaneo,"Castellanza Campus,
Italy",[]
University of Suwon ,"San 2-2 Wau-ri, Bongdam-eup, Gyeonggi-do, KR,
South Korea",[]
Novosibirsk State University,"Novosibirskij Gosudarstvennyj Universitet, ul. Pirogova 2, Novosibirsk , RU,
Russia",[]
University of Northern British Columbia,"Prince George campus,
Canada","['Fort St. John Campus, Box 1000, Fort St. John, CA,\nCanada', 'Quesnel Campus, S100 100 Campus Way, Quesnel, CA,\nCanada', 'Prince Rupert Campus, 353 - 5th Street, Prince Rupert, CA,\nCanada', ""Wilp Wilxo'oskwhl Nisga'a, PO Box 70, Gitwinksihlkw, CA,\nCanada""]"
University of Mobile,,[]
Colorado School of Mines,"Golden Campus,
Colorado,
United States",[]
Universitas Indonesia,"Universitas Indonesia,
Indonesia",[]
Trinity University,"San Antonio,
Texas,
United States",[]
"University of Health Sciences, Lahore","City Campus,
Pakistan","['Jinnah Campus,\nPakistan']"
University West,"Trollhättan, SE,
Sweden","['SE-461 86, Trollhättan, SE,\nSweden']"
Hamilton College,"Clinton,
New York,
United States",[]
The School of Economics and Business Administration,"14th km Thessaloniki-Moudania, Thermi, GR,
Greece",[]
Strathclyde Business School,"199, Cathedral Street, Glasgow, GB,
United Kingdom",[]
Philipps-Universität Marburg ,"Biegenstraße 10 / 12, Marburg, DE,
Germany",[]
University of Denver - Daniels College of Business,"Daniels College of Business, 2101 S. University Blvd., Denver, US,
Colorado,
United States",[]
University Center César Ritz,"Brig Campus,
Switzerland",[]
Indian Institute of Technology Guwahati (IITG),"IITG Campus,
India",[]
Eastern Illinois University,"Eastern Illinois University,
South Carolina,
United States",[]
University of Houston,"University of Houston,
Texas,
United States",[]
Pharos University in Alexandria,"Alexandria Campus,
Egypt",[]
Warsaw University of Life Sciences  SGGW (WULS-SGGW),"Warsaw, PL,
Poland",[]
"University of California, Riverside","University of California, Riverside,
California,
United States",[]
National University of Life and Environmental sciences of Ukraine,"NULESU,
Ukraine",[]
University College of Dance,"Stockholm, SE,
Sweden",[]
Scotland's Rural College (SRUC),"Edinburgh, GB,
United Kingdom",[]
School of Economics and Business,,[]
The Open University Business School,"Michael Young Building, Milton Keynes, GB,
United Kingdom",[]
Universitas Hasanuddin,"Tamalanrea Campus,
Indonesia","['Baraya Campus,\nIndonesia', 'Gowa Engineering Campus,\nIndonesia']"
609,"melbourne,
Australia","['Campus of Banglore,\nIndia', '']"
Université Montpellier 1,"5 bd Henri IV, CS 19967, Montpellier, FR,
France","['5 bd Henri IV, Montpellier, FR,\nFrance']"
Manipal International University,"Nilai, Negeri Sembilan,
Malaysia",[]
Universität Osnabrück,"Osnabrck, DE,
Germany","['Osnabrück, DE,\nGermany']"
State Conservatory of Thessaloniki,"Thessaloniki, GR,
Greece",[]
"Nanyang Technological University, Singapore (NTU Singapore)","Nanyang Technological University, Singapore (NTU Singapore),
Singapore",[]
"University of California, Irvine ",,[]
 IFM Business School,"IFM Business School,
Switzerland",[]
Tulane University Law School,"Weinmann Hall, 6329 Freret Street, New Orleans, US,
Louisiana,
United States",[]
The World Islamic Sciences and Education University (WISE),"The World Islamic Sciences and Education University,
Jordan",[]
Universidad Nacional de San Antonio Abad del Cusco,"Av. de la Cultura, Nro. 733, Cusco, PE,
Peru",[]
"Academy of Economics, Law and Humanities","VEGU Academy,
Russia",[]
October 6 University ( O6U ),"October 6 University,
Egypt","['library,\nEgypt']"
ESSCA School of Management,"Angers, FR,
France","['Paris,\nFrance', 'Lyon Campus,\nFrance']"
Buein Zahra Technical University,,[]
Universitas Muhammadiyah Sumatera Utara,"Main campus,
Indonesia","['Post Graduate Campus,\nIndonesia', 'Faculty Of Medicine,\nIndonesia']"
University of Minnesota Twin Cities,"Twin Cities Campus,
Minnesota,
United States","['Duluth Campus,\nUnited States']"
Interregional Open Social Institute,"Yoshkar-Ola Campus,
Russia",[]
Universidad de Cartagena ,"Cartagena, CO,
Colombia",[]
"Sardar Patel University, Vallabh Vidyanagar",,[]
Paris Lodron University of Salzburg,"Kapitelgasse 4-6, Salzburg , AT,
Austria",[]
Lithuanian Sports University,"Kaunas,
Lithuania",[]
Azerbaijan Medical University,"AMU,
Azerbaijan",[]
Sistema Universitario Ana G. Méndez (SUAGM),,[]
INHOLLAND University,"Haarlem, NL,
Netherlands",[]
Claremont Mckenna College,"US,
California,
United States","['500 E. 9th Street,, Claremont, US,\nCalifornia,\nUnited States']"
Edith Cowan University ,"Edith Cowan Joondalup Campus,
Australia","['Mount Lawley Campus,\nAustralia', 'South West Campus,\nAustralia']"
Palestine Ahliya University,"Palestine Ahliya University,
Palestinian Territories",[]
Tabriz Islamic Art University,"Tabriz Islamic Art Univ,
Iran",[]
National University of Defense Technology,"Deya Road, North Area, Changsha, CN,
China (Mainland)",[]
University of Cumbria,"Carlisle Business Interaction Centre,
United Kingdom",[]
"Sun Yat-sen Business School, S135","South Campus,
China (Mainland)",[]
Shiraz University of Technology,"Main Campus,
Iran",[]
Universitas Hasanuddin,"Tamalanrea Campus,
Indonesia","['Baraya Campus,\nIndonesia', 'Gowa Engineering Campus,\nIndonesia']"
Western Kentucky University,"Western Kentucky University,
Kentucky,
United States",[]
Lesya Ukrainka Volyn National University,"Lutsk Campus,
Ukraine",[]
Porto Business School,"Porto Business School,
Portugal",[]
University of Skövde,"Skvde, SE,
Sweden","['Skövde, SE,\nSweden']"
École Nationale Supérieure Agronomique (ENSA),"École Nationale Supérieure Agronomique,
Algeria",[]
University of Lodz,,[]
Hansung University Seoul ,"389 Samsung-dong 2-ga, Seonbuk-gu, Seoul, KR,
South Korea",[]
American University,"American University,
United States",[]
Dubna International University,,[]
Haigazian University,"Beirut Campus,
Lebanon",[]
University of Regina,"Regina, Saskatchewan Campus,
Canada",[]
Conservatoire de Musique et d'Art Dramatique du Québec,"Québec City, CA,
Canada",[]
Université de la Nouvelle-Calédonie,"BPR4, Nouméa, NC,
New Caledonia",[]
Centro Universitário Ritter dos Reis,"Zona Sul Campus,
Brazil","['FAPA Campus,\nBrazil', 'Canoas Campus,\nBrazil', 'Exclusive Campus,\nBrazil']"
Massey Business School,"Manawatu Campus,
New Zealand","['Auckland Campus,\nNew Zealand', 'Wellington Campus,\nNew Zealand', 'Borderless Campus,\nNew Zealand']"
California State University - Fresno,,[]
Trinity College,"Hartford,
Connecticut,
United States",[]
Dubna International University,,[]
Kyoto University of Education,"1 Fukakusa-Fujinomori-cho, Kyoto, JP,
Japan",[]
Kochi University of Technology (KUT),"Kami Campus,
Japan",[]
Marbella University,"Centro Comercial Vasari, 2, Urbanizacion Vasari-Alzambra, Nueva Andalucía Marbella, ES,
Spain",[]
National Taiwan Ocean University,"Keelung Campus,
Taiwan","['Matsu Campus,\nTaiwan', 'Taoyuan-Guanyin Campus,\nTaiwan']"
Medizinische Hochschule Hannover,"Carl-Neuberg-Strasse 1, Hannover, DE,
Germany",[]
All India Institute of Medical Sciences,,[]
University of Basel,"Petersplatz 1, Basel, CH,
Switzerland","['Petersplatz 1, Basel, CH,\nSwitzerland']"
Jadara University,"Irbid Campus,
Jordan",[]
University of Arts George Enescu Iasi,"Main Campus,
Romania",[]
Aalto Executive Education Academy,"Aalto Executive Education Academy (Asia hub office),
Singapore","['The Ritz-Carlton, Millenia Singapore (Aalto EMBA class premise),\nSingapore']"
Singapore Institute of Management,"SIM Campus,
Singapore",[]
Universidad Centroamericana (UCA),"Managua, NI,
Nicaragua",[]
Ahfad University for Women,"Omdurman Campus,
Sudan",[]
Clarke University,,[]
University of Novi Sad,"University Campus,
Serbia","['Faculty of Medicine,\nSerbia', 'Academy of Arts,\nSerbia', 'Faculty of Civil Engineering,\nSerbia', 'Faculty of Education,\nSerbia', ""Teachers' Training Faculty in Hungarian,\nSerbia"", 'Faculty of Economics,\nSerbia', ""Teachers' Training Faculty in Hungarian,\nSerbia""]"
Corporación Universitaria Minuto de Dios - UNIMINUTO,"Rectoría Bogota Sede Principal,
Colombia","['Rectoría Antioquia y Chocó,\nColombia', 'Centro Regional Soacha,\nColombia', 'Centro Regional Zipaquira,\nColombia', 'Centro Regional Girardot,\nColombia', 'Centro Regional Cali,\nColombia', 'Centro Regional Buga,\nColombia']"
The Open University Business School,"Michael Young Building, Milton Keynes, GB,
United Kingdom",[]
SAL Institute of Technology & Engineering Research,"SAL Institute of Technology & Engineering Research,
India",[]
The National University of Ostroh Academy ,"Ostroh academy,
Ukraine","['Ostroh Campus,\nUkraine']"
Western Connecticut State University,,[]
Universidade do Vale do Paraíba - Univap,"São José dos Campos Campus,
Brazil",[]
Royal College of Music,"Prince Consort Road, London, GB,
United Kingdom",[]
"Presbyterian University College, Ghana","GH,
Ghana",[]
Aalto University School of Business,"Töölö Campus,
Finland","['Otaniemi Campus,\nFinland']"
Université du Maine,"Le Mans, Laval, FR,
France",[]
Université de Corse Pasquale Paoli,"Corte, FR,
France",[]
Abo Akademi University,"Turku Campus,
Finland","['Vasa campus,\nFinland']"
University of Cumbria,"Carlisle Business Interaction Centre,
United Kingdom",[]
"École Nationale Supérieure d'Architecture (ENSA), Nancy","Nancy, FR,
France",[]
CREA - INSEEC U.,"CREA - INSEEC U.,
Switzerland",[]
Cyprus University of Technology,"Main Campus,
Cyprus",[]
Yeungnam University ,"Yeungnam University,
South Korea",[]
North Eastern Hill University,"Tura Campus,
India",[]
Volgograd State University,"Main Campus,
Russia","['Volzhsky Humanities Institute (Branch of VolSU),\nRussia']"
EGE UNIVERSITY,"EGE UNIVERSITESI,
Türkiye",[]
Bakrie University,"Epicentrum Campus,
Indonesia",[]
Universita' degli Studi di Ferrara,"Via Ariosto, 35, Ferrara, IT,
Italy",[]
Princess Nourah bint Abdulrahman University,"SA,
Saudi Arabia",[]
Rabdan Academy,"Main campus,
United Arab Emirates",[]
University of Manitoba,"Fort Garry Campus,
Canada","['Bannatyne Campus,\nCanada']"
Gharyan University,"Main Campus,
Libya",[]
Norwich University,,[]
Western Governors University Indiana,"US,
Indiana,
United States",[]
Université d'Orléans,"Château de La Source, Avenue du Parc Floral, Orléans, FR,
France","['Orléans, FR,\nFrance']"
Asia Pacific College,"Asia Pacific College,
Philippines",[]
Universidade Federal do Rio de Janeiro,"Cidade Universitária,
Brazil","['Praia Vermelha,\nBrazil', 'Macaé,\nBrazil', 'Campus UFRJ-Duque de Caxias Professor Geraldo Cidade,\nBrazil']"
Logistics Packs,,[]
Université Pierre et Marie Curie (UPMC),,[]
Collegium Civitas,"Palace of Culture and Science, 12th floor, Warsaw, PL,
Poland",[]
The Art Institutes,,[]
Portucalense University,"Porto, PT,
Portugal",[]
Beijing Forestry University,"No.35 Tsinghua East Road, Haidian District, Beijing, China CN,
China (Mainland)",[]
University of Massachusetts Medical School - Worcester ,"Massachusetts, US,
Massachusetts,
United States",[]
Victoria University of Wellington,"Kelburn Campus,
New Zealand","['Pipitea Campus,\nNew Zealand', 'Te Aro Campus,\nNew Zealand']"
Faculty of Economics and Business Universitas Gadjah Mada,"Yogyakarta Campus,
Indonesia",[]
SAMARA STATE UNIVERSITY OF ECONOMICS,"Samara Campus,
Russia",[]
Federal University of Technology-Parana,"UTFPR-Rectory,
Brazil","['UTFPR-Apucarana,\nBrazil', 'UTFPR-Campo Mourão,\nBrazil', 'UTFPR-Cornélio Procópio,\nBrazil', 'UTFPR-Curitiba (Centro),\nBrazil', 'UTFPR-Curitiba (Ecoville),\nBrazil', 'UTFPR-Curitiba (Neoville),\nBrazil', 'UTFPR-Dois Vizinhos,\nBrazil', 'UTFPR-Francisco Beltrão,\nBrazil', 'UTFPR-Guarapuava,\nBrazil', 'UTFPR-Londrina,\nBrazil', 'UTFPR-Medianeira,\nBrazil', 'UTFPR-Pato Branco,\nBrazil', 'UTFPR-Ponta Grossa,\nBrazil', 'UTFPR-Toledo,\nBrazil', 'UTFPR-Santa Helena,\nBrazil']"
Universidad Técnica de Manabí,"Matriz Portoviejo,
Ecuador","['Campus Quito,\nEcuador', 'Extensión Chone,\nEcuador', 'Extensión Bahía,\nEcuador', 'Extensión Lodana,\nEcuador']"
Universidade Estadual da Paraíba,"Universidade Federal da Paraíba,
Brazil",[]
Royal Holloway University of London,"School of Management, Royal Holloway, University of London, Egham, GB,
United Kingdom",[]
ISC Paris Business School,"ISC Paris,
France","['ISC Paris Campus Orléans,\nFrance']"
Ostfold University College ,"Halden, NO,
Norway",[]
JIS College of Engineering,"Kalyani, IN,
India",[]
Warwickshire College,,[]
RIKEN ,"2-1 Hirosawa, Wako, Saitama, JP,
Japan",[]
Excelia,"La Rochelle,
France","['Tours,\nFrance', 'Campus Orléans,\nFrance']"
Darmstadt University of Applied Sciences,"Darmstadt,
Germany",[]
University Mozarteum Salzburg,"Mirabellplatz 1, Salzburg, AT,
Austria",[]
Medical University - Sofia (MU - Sofia),"Medical University - Sofia,
Bulgaria","['MEDICAL COLLEGE “JORDANKA FILARETOVA”,\nBulgaria', 'SUBSIDIARY – VRATSA Medical University - Sofia,\nBulgaria', 'Medical University - Sofia,\nBulgaria']"
University of Birmingham,"Edgbaston Campus,
United Kingdom","['Dubai Campus,\nUnited Arab Emirates']"
Whittier College,"Whittier,
California,
United States",[]
Universidad Internacional SEK,"Miguel de Cervantes,
Ecuador",[]
Pontificia Universidad Catolica del Peru,"Main Campus,
Peru","['CENTRUM Católica Graduate Business School,\nPeru']"
Ecole Nationale Supérieure des Sciences Appliquées et de Technologie,,[]
Far East University,"Far East University,
South Korea",[]
UNIVERSITAS MEDAN AREA,"Kampus 1,
Indonesia","['Kampus 2,\nIndonesia']"
The Cyprus Institute of Marketing,"P.O.Box 25288, 25 Zannetos Str, Ayios Andreas, Nicosia, CY,
Cyprus","['25 Zannetos street, Ayios Andreas, Nicosia, CY,\nCyprus', '36 Stratigos Markriyiannis street, Limassol, CY,\nCyprus']"
Wilfrid Laurier University,"Waterloo, CA,
Canada",[]
Chungju National University,"Chungju National University,
South Korea",[]
École Nationale Supérieure des Ingénieurs en Arts Chimiques et Technologiques (ENSIACET),"Toulouse, FR,
France",[]
École Nationale d'Ingénieurs ENISE Saint-Etienne,"Saint-Étienne, FR,
France",[]
Universidad de America,,[]
University of the Algarve,"Faro, PT,
Portugal",[]
Shanghai University of International Business and Economics,"620 Gubei Road, Shanghai, CN,
China (Mainland)",[]
Universidade Federal de Alagoas ,"A.C. Simões,
Brazil","['Centro de Ciências Agrárias,\nBrazil', 'Arapiraca,\nBrazil', 'Viçosa,\nBrazil', 'Penedo,\nBrazil', 'Palmeira dos Índios,\nBrazil', 'Santana do Ipanema,\nBrazil', 'Delmiro Gouveia,\nBrazil']"
School of Finance,,[]
Jinan University,"Tripoli - Main Campus,
Lebanon","['Saida Campus,\nLebanon']"
Arab Open University - Kuwait,"Al-Ardiya Campus,
Kuwait",[]
Aoyama Gakuin University,"Aoayama Campus,
Japan","['Sagamihara Campus,\nJapan']"
Universidade Regional do Noroeste do Estado do Rio Grande do Sul ,"Campus Central,
Brazil","['Rio Grande Do Sul, BR,\nBrazil']"
Rajamangala University of Technology Thanyaburi (RMUTT),"Main Campus (Khlong 6),
Thailand","['Rangsit Campus,\nThailand']"
Universidade Federal de Santa Catarina ,"Reitor João David Ferreira Lima,
Brazil","['Araranguá,\nBrazil', 'Blumenau,\nBrazil', 'Joinville,\nBrazil']"
Widyagama University of Malang,"Jalan Borobudur 12-35, Malang, ID,
Indonesia",[]
Vassar College,"Poughkeepsie,
New York,
United States",[]
D Y Patil University,"D Y Patil University,
India",[]
Sulaiman Al Rajhi University,"Al Bukayriyah Campus,
Saudi Arabia",[]
Hampton University,"Hampton University,
Virginia,
United States",[]
Université de la Polynésie Française,,[]
Universidad de Córdoba,"Campus Centro,
Spain",[]
Hotel Institute Montreux,"Hotel Institute Montreux,
Switzerland",[]
Kazan (Volga region) Federal University,"Kazan Federal University,
Russia",[]
Villanova School of Business,"800 East Lancaster Avenue, Villanova, US,
Pennsylvania,
United States",[]
London School of Jewish Studies,"London , GB,
United Kingdom",[]
University of Northern British Columbia,"Prince George campus,
Canada","['Fort St. John Campus, Box 1000, Fort St. John, CA,\nCanada', 'Quesnel Campus, S100 100 Campus Way, Quesnel, CA,\nCanada', 'Prince Rupert Campus, 353 - 5th Street, Prince Rupert, CA,\nCanada', ""Wilp Wilxo'oskwhl Nisga'a, PO Box 70, Gitwinksihlkw, CA,\nCanada""]"
Colégio Mayor de Antioquia,,[]
"California State University, San Marcos College",,[]
Fachhochschule Dortmund,"Dortmund, DE,
Germany",[]
University of the Assumption,"PH,
Philippines",[]
Universidad de America,,[]
School of Information Systems and Technology,,[]
Tashkent Institute of Irrigation and Agricultural Mechanization Engineers (TIIAME)-National Research University,"Tashkent Institute of Irrigation and Agricultural Mechnization Engineers,
Uzbekistan","['Bukhara Branch of Tashkent Institute of Irrigation and Agricultural Mechanization Engineers,\nUzbekistan', 'Karshi Branch of Tashkent Institute of Irrigation and Agricultural Mechanization Engineers,\nUzbekistan']"
Whitworth University,"Spokane,
Washington,
United States",[]
Kyushu Institute of Technology ,"Tobata Campus,
Japan","['Iizuka Campus,\nJapan', 'Wakamatsu Campus,\nJapan']"
"Tippie School of Management, University of Iowa","100 Pomerantz Center, Suite C432, Iowa City, US,
Iowa,
United States",[]
Masaryk University,"Rector´s Office,
Czechia","['University Campus Bohunice,\nCzechia', 'Faculty of Science,\nCzechia', 'Faculty of Education,\nCzechia', 'Faculty of Informatics,\nCzechia', 'Faculty of Arts,\nCzechia', 'Faculty of Administration and Business,\nCzechia', 'Faculty of Social Studies,\nCzechia', 'Faculty of Sport Studies,\nCzechia', 'Faculty of Medicine,\nCzechia', 'Faculty of Law,\nCzechia', 'Faculty of Pharmacy,\nCzechia']"
Bow Valley College,"Bow Valley Campus,
Canada",[]
Universidad Internacional SEK,"Miguel de Cervantes,
Ecuador",[]
Escuela Superior Politecnica de Chimborazo (ESPOCH),"Main Campus,
Ecuador","['Morona Santiago,\nEcuador', 'Norte Amazónica,\nEcuador']"
Yale University,"Yale University,
Connecticut,
United States",[]
University of Science & Technology Bannu,"Bannu, PK,
Pakistan",[]
Kyiv National University of Construction and Architecture (KNUCA),"KNUCA main Campus,
Ukraine",[]
Karakoram International University,"University Road, Gilgit, PK,
Pakistan",[]
Kodolányi János University,"Main Campus,
Hungary",[]
Principia College,"Elsah,
Illinois,
United States",[]
Edinburgh College of Art (ECA),"Edinburgh, GB,
United Kingdom",[]
Ogarev Mordovia State University ,"Ruzayevka filiation,
Russia","['Primary campus,\nRussia', 'Yalga campus,\nRussia']"
Jenkins Graduate School of Management,"Centennial Campus,
North Carolina,
United States","['Main Campus,\nNorth Carolina,\nUnited States']"
A'Sharqiyah University,"Ibra Campus,
Oman","['Ibra Campus,\nOman']"
"KFUPM Business School, King Fahd University of Petroleum & Minerals","P.O. Box 1154, KFUPM, Dhahran, 31261, Saudi Arabia,
Saudi Arabia",[]
MODUL University Dubai,"Dubai Campus,
United Arab Emirates",[]
University of Oradea,"C.P. 114 O.P. 1, Str. Universitatii nr. 1, Oradea, RO,
Romania","['C.P. nr. 114,\xa0Oficiul Postal 1,\xa0str. Universitatii nr. 1, Oradea, RO,\nRomania']"
Universidad Alberto Hurtado,"Main Campus,
Chile",[]
University of Lampung,"Universitas Lampung,
Indonesia",[]
Université de Fribourg,"Fribourg, CH,
Switzerland",[]
Ufa University of Science and Technology (UUST),"Main campus,
Russia","['Birsk branch,\nRussia', 'Ishimbay branch,\nRussia', 'Kumertau branch,\nRussia', 'Sterlitamak branch,\nRussia', 'Neftekamsk branch,\nRussia', 'Sibai branch,\nRussia']"
Islamic University of Al Madinah,,[]
Osaka City University,"3-3-138, Sugimoto, Sumiyoshi-ku, Osaka-shi, JP,
Japan",[]
"Hindustan Institute of Technology and Science, Chennai","Hindustan University,
India",[]
Afeka The Academic College of Engineering in Tel-Aviv,"Tel Aviv, IL,
Israel",[]
Chang Gung University,"Chang Gung University,
Taiwan",[]
Postgraduate Institute of Medical Education & Research Chandigarh,,[]
Pan-African University,,[]
Kyoto University of Education,"1 Fukakusa-Fujinomori-cho, Kyoto, JP,
Japan",[]
China University of Mining and Technology,"???? Jiefang Road, Nanjiao, Xuzhou, CN,
China (Mainland)","['ä¸‰çŽ¯å—è·¯ Jiefang Road, Nanjiao, Xuzhou, CN,\nChina (Mainland)']"
Arabian Gulf University,"Manama, BH,
Bahrain",[]
Nagoya University of Commerce & Business,,[]
Universidad de las Ciencias Informáticas,,[]
Brock University ,"St. Catharines Campus,
Canada",[]
"Swiss School of Management - Rome, Italy","Rome,
Italy",[]
Polytechnic of Namibia,"Windhoek, NA,
Namibia",[]
Yasar University,,[]
University of Management and Technology,"UMT Lahore Campus,
Pakistan","['UMT Sialkot Campus,\nPakistan']"
Seattle Pacific University,"Seattle Pacific University,
Washington,
United States",[]
University of Pittsburgh-Bradford,"Bradford,
Pennsylvania,
United States",[]
University of Montenegro,"University of Montenegro,
Montenegro",[]
Indian Institute of Information Technology Design and Manufacturing Kancheepuram,"IN,
India",[]
Le Moyne College,"Syracuse,
New York,
United States",[]
Vorarlberg University of Applied Sciences ,"Dornbirn, AT,
Austria",[]
University of Tabuk,"Tabuk, SA,
Saudi Arabia",[]
Paris Lodron University of Salzburg,"Kapitelgasse 4-6, Salzburg , AT,
Austria",[]
Norwegian University of Life Sciences,"Norwegian University of Life Sciences,
Norway",[]
Institut supérieur de commerce et d'administration des entreprises  ISCAE,,[]
Irkutsk State Transport University,"IrGUPS,
Russia",[]
Bakrie University,"Epicentrum Campus,
Indonesia",[]
Belarusian National Technical University (BNTU),"Main Campus,
Belarus",[]
MAS – International Sport Management and Technology,,[]
School of Economics and Management of the University of Minho,"Gualtar,
Portugal","['Azurem,\nPortugal', 'Couros,\nPortugal']"
Berea College,,[]
Academy of Performing Arts’ Film and TV School (FAMU),"Smetanovo nabrezi 2, Prague, CZ,
Czechia",[]
Universiti Tun Hussein Onn  Malaysia (UTHM),"Universiti Tun Hussein Onn Malaysia,
Malaysia",[]
Kagawa University,,[]
Universidad del Noreste (UNE),"Universidad del Noreste (UNE),
Mexico",[]
"West End College, London","London, GB,
United Kingdom",[]
Stanford Graduate School of Business,"Stanford Graduate School of Business,
California,
United States",[]
NHL Stenden University of Applied Sciences,"Main campus,
Netherlands",[]
Nosov Magnitogorsk State Technical University,"38, Lenin Street, Magnitogorsk, RU,
Russia",[]
Universidade Estadual de Goiàs,"Goiânia Campus,
Brazil","['Goias, BR,\nBrazil']"
Daegu Gyeongbuk Institute of Science and Technology (DGIST),"DGIST - Daegu Gyeongbuk Institute of Science & Technology,
South Korea",[]
Universidad de Nariño ,"Pasto, CO,
Colombia",[]
Southwest Jiaotong University,"111, 1st Section, Northern 2nd Ring Road, Chengdu, CN,
China (Mainland)",[]
Université de Provence,,[]
The University of Jember,"Jl. Kalimantan 37, Jember, ID,
Indonesia",[]
Central Academy of Fine Arts (CAFA),"Central Academy of Fine Arts (Primary Campus),
China (Mainland)",[]
Shimane University,"Matsue Campus,
Japan","['Izumo Campus,\nJapan']"
Chittagong University of Engineering and Technology,"Chittagong, BD,
Bangladesh",[]
University of Kaiserslautern-Landau(RPTU),"Kaiserslautern, DE,
Germany",[]
Imam Ja'afar Al-Sadiq University,"Imam Ja'afar Al-Sadiq University,
Iraq","['Kirkuk Branch,\nIraq', 'Najaf,\nIraq', 'Maysan,\nIraq', 'Diyala,\nIraq', 'Al Muthanna,\nIraq', 'Dejail,\nIraq', 'Dhi Qar,\nIraq', ""Imam Ja'afar Al-Sadiq University,\nIraq""]"
University of Texas at Austin,"University of Texas at Austin,
Texas,
United States",[]
The University of Swabi,"Ambar,
Pakistan",[]
University of Indianapolis,,[]
Brescia,"University central office,
Italy","['Engineering,\nItaly', 'Medicine and Surgery,\nItaly', 'Economics,\nItaly', 'Law,\nItaly']"
Université du Maine,"Le Mans, Laval, FR,
France",[]
Central European University,"Central European University (CEU),
Austria","['CEU,\nAustria']"
Indian Institute of Management (IIM) - Calcutta,"Kolkata (Calcutta) Campus,
India",[]
Maharishi Markandeshwar (Deemed to be University),"IN,
India",[]
Kumamoto University,"Kurokami Campus,
Japan","['Honjo Campus,\nJapan', 'Oe Campus,\nJapan']"
University of Oxford,"Wellington Square, Oxford, GB,
United Kingdom","['Saïd Business School,\nUnited Kingdom']"
University of Taipei,"Bo-Ai Campus,
Taiwan","['Tian-Mu Campus,\nTaiwan']"
Dar Al-Hekma University,"Main,
Saudi Arabia",[]
University of Leicester - School of Management,,"['University of Leicester, University Road, Leicester, GB,\nUnited Kingdom']"
Hubert Humphrey Institute of Public Affairs,,[]
Windesheim University of Applied Sciences,"Windesheim Zwolle,
Netherlands",[]
"Mohanlal Sukhadia University, Udaipur",,[]
Universidad Nacional Autónoma de México  (UNAM),"Ciudad Universitaria, s/n, Mexico City, MX,
Mexico",[]
Czech University of Life Sciences in Prague,"Czech University of Life Sciences,
Czechia",[]
Naval Postgraduate School,,[]
Gaziantep University,"TR,
Türkiye",[]
École Navale,"Lanvéoc Campus,
France",[]
Pontificia Universidad Católica Madre y Maestra (PUCMM),"Santiago,
Dominican Republic","['Santo Tomás de Aquino,\nDominican Republic']"
University of Southern Cailfornia,"University of Southern California, Los Angeles, , US,
California,
United States",[]
Vilnius Academy of Fine Art,"Vilnius, LT,
Lithuania",[]
Yuan Ze University,,[]
Eszterhazy Karoly Catholic University,"Jászberény Campus,
Hungary","['Eszterházy Károly Catholic University (Primary Campus),\nHungary']"
Universita' degli Studi di Ferrara,"Via Ariosto, 35, Ferrara, IT,
Italy",[]
Polytechnic University of Tirana,"Main Corpus; Faculty of Electrical Engineering; Faculty of Mechanical Engineering; Faculty of Information Technology,
Albania","['Faculty of Civil Engineering; Faculty of Architecture and Urbanism,\nAlbania', 'Faculty of Mathematical Engineering and Physical Engineering,\nAlbania', 'Faculty of Geology and Mining,\nAlbania', 'Institute of Geosciences, Energy, Water and Environment,\nAlbania', 'Scientific Library of PUT,\nAlbania', 'Main Corpus; Faculty of Electrical Engineering; Faculty of Mechanical Engineering; Faculty of Information Technology,\nAlbania', 'Faculty of Civil Engineering; Faculty of Architecture and Urbanism,\nAlbania', 'Faculty of Mathematical Engineering and Physical Engineering,\nAlbania']"
University of Calcutta,"PG Men Student Hall,
India","['University of Calcutta Vacant Land,\nIndia', 'Sukhchar, Panihati,\nIndia', 'Area Occupied by K.D.Seth.,\nIndia', '6, Ramani Chatterjee Street,\nIndia', 'Madhupur,Calcutta University Holiday Home,\nIndia', 'Subha Bhavan,\nIndia', 'Teachers Quarter,\nIndia', 'L.S.S. Staff Quarter,\nIndia', 'PG Lady Student Hall,\nIndia', 'Hironmoyee Chhatribhaban,\nIndia', 'PG Men Student Hall,\nIndia', 'Law College Hostel,\nIndia', 'PG Men Student Hall,\nIndia', 'PG Students Hall,\nIndia', 'College Street Campus,\nIndia', 'PG Student Hall (Carmichael Hostel),\nIndia', 'Technology Campus,\nIndia', 'University Rowing Club,\nIndia', 'University Ground and Tent,\nIndia', 'Agricultural Field Station,\nIndia', 'University Press and Book Depot,\nIndia', 'Ionosphere Field Station,\nIndia', 'University Health Service,\nIndia', 'Viharilal College Campus,\nIndia', 'Law College Campus,\nIndia', 'B. T. Road Campus,\nIndia', 'Alipore Campus,\nIndia', 'Ballygunge Science College Campus,\nIndia', 'Rajabazar Science College Campus,\nIndia']"
Huazhong Agricultural University,"Shizi Shan, Wuhan, CN,
China (Mainland)",[]
"School of Management, Swansea University","Haldane Building, Singleton Park, Swansea, GB,
United Kingdom",[]
School of Management,"GB,
United Kingdom","['The Gateway, North Haugh, St Andrews, GB,\nUnited Kingdom']"
Universite Catholique de Lille,"Saint Raphaël,
France",[]
Gustave Eiffel University,"5 boulevard Descartes, Champs-sur-Marne, Marne-la-Vallée Cedex2, FR,
France",[]
CUNY Queens College,"Flushing,
New York,
United States",[]
"University of California, Davis","Davis Campus,
California,
United States","['Sacramento Campus,\nCalifornia,\nUnited States']"
School of Politics and International Relations,,[]
Oldham College,,[]
Azzaytuna University,"Tarhuna,
Libya","['Souk Al-Ahad,\nLibya', 'Al-Awata,\nLibya', ""Al-Qusay'ah,\nLibya"", ""Souk Al-Juma'a,\nLibya""]"
Indian Institute of Technology Bhubaneswar,"Indian Institute of Technology Bhubaneswar,
India",[]
University of Phoenix,,[]
Renmin (People's) University of China,,[]
Jeonbuk National University,"664-14, 1GA, Jeonju, KR,
South Korea",[]
EVTEK University of Applied Sciences,"Espoo, FI,
Finland",[]
University of St. Cyril and Methodius in Trnava,"University of St. Cyril and Methodius in Trnava,
Slovakia",[]
Korea University,"145 Anam-Ro, Seongbuk-Gu, Seoul, KR,
South Korea",[]
Oles Honchar Dnipro National University,"Oles Honchar Dnipro National University,
Ukraine",[]
Muscat college,"Muscat Campus,
Oman","['OM,\nOman']"
HEC Paris Executive MBA,"6-14, Avenue de la Porte de Champerret, Paris, FR,
France","['6-14, Avenue de la Porte de Champerret, Paris, FR,\nFrance', '1, rue de la Libération, Jouy en Josas, FR,\nFrance']"
Kyoto University,"Yoshida Campus,
Japan",[]
University of the Virgin Islands,,[]
"Royal Academy of Music, Aarhus","Aarhus, DK,
Denmark",[]
Universidad de Zaragoza,"Campus Zaragoza,
Spain","['Campus Huesca,\nSpain', 'Campus Teruel,\nSpain', 'Campus La Almunia,\nSpain', 'Campus Jaca,\nSpain', 'Campus Zaragoza,\nSpain', 'Campus Zaragoza,\nSpain', 'Campus Zaragoza,\nSpain']"
Richmond American University London,"Richmond American University London,
United Kingdom",[]
Universidad Politécnica de Madrid (UPM),"Universidad Politécnica de Madrid,
Spain",[]
Universidade Presbiteriana Mackenzie,"Campus Higienópolis,
Brazil","['Campinas,\nBrazil', 'Alphaville,\nBrazil']"
University of Aveiro,"Aveiro, PT,
Portugal","['Campus Universitário de Santiago,\nPortugal']"
Hamdan Bin Mohammed Smart University (HBMSU),,[]
IFP School,"Paris, FR,
France",[]
West Texas A&M University,,[]
University of Carthage,"Tunis Campus,
Tunisia","['Bizerte,\nTunisia', 'Nabeul,\nTunisia', 'Charguia,\nTunisia', 'Borj Cedria,\nTunisia', 'Mograne,\nTunisia']"
Yamagata University ,"Kojirakawa Campus,
Japan","['Iida Campus,\nJapan', 'Yonezawa Campus,\nJapan', 'Tsuruoka Campus,\nJapan']"
Appalachian State University (ASU),"North Carolina, US,
North Carolina,
United States",[]
Lamar University,,[]
Brno University of Technology,"Main campus,
Czechia",[]
Indian Institute of Science,"Bengaluru (Bangalore) Campus,
India",[]
Rotman School of Management,"Rotman School of Management,
Canada","['St. George,\nCanada']"
Alma Mater Europaea – European Center Maribor (ECM),"Main Campus,
Slovenia",[]
"Royal Academy of Art, The Hague (KABK)","The Hague, NL,
Netherlands",[]
Tio Business School,"Tio Amsterdam,
Netherlands","['Tio Utrecht,\nNetherlands', 'Tio Rotterdam,\nNetherlands', 'Tio Eindhoven,\nNetherlands']"
Université Antonine,"Zahle-Bekaa,
Lebanon","['Baabda Campus,\nLebanon', 'Mejdalaya Zgharta,\nLebanon']"
Hochschule für Musik Detmold,"Willi-Hofmann-Str. 5, Detmold, DE,
Germany",[]
Nagoya City University ,"Sakurayama,
Japan","['Takiko,\nJapan', 'Tanabe-dori,\nJapan', 'Kita Chikusa,\nJapan']"
Universitas Ahmad Dahlan,"Campus 1 (Head Office) Universitas Ahmad Dahlan,
Indonesia","['Campus 2 Universitas Ahmad Dahlan,\nIndonesia', 'Campus 3 Universitas Ahmad Dahlan,\nIndonesia', 'Campus 4 Universitas Ahmad Dahlan,\nIndonesia', 'Campus 5 Universitas Ahmad Dahlan,\nIndonesia', 'Campus 6 Universitas Ahmad Dahlan,\nIndonesia']"
Real Escuela Superior De Arte Dramatico (RESAD),"Avenida de Nazaret 2, Madrid, ES,
Spain",[]
INSEEC Business School,"Campus de Paris,
France","['Campus de Bordeaux,\nFrance', 'Campus de Lyon,\nFrance']"
Central Queensland University - School of Business and Law,,[]
North Lindsey College,,[]
Centro de Estudios Financieros,"Madrid, Barcelona, Valencia, ES,
Spain",[]
Wrexham Glyndŵr University (NEWI),"Mold Road, Wrexham, GB,
United Kingdom",[]
DeVry University Orlando,,[]
University of Veliko Tarnovo,"University of Veliko Tarnovo,
Bulgaria",[]
"University of Kashmir, Srinagar",,[]
Vestfold University College,"Horten, NO,
Norway",[]
Senac São Paulo,"Santo Amaro,
Brazil","['Campos do Jordão,\nBrazil', 'Águas de São Pedro,\nBrazil']"
"École Nationale Supérieure d'Architecture (ENSA), Nancy","Nancy, FR,
France",[]
Chestnut Hill College,"Philadelphia,
Pennsylvania,
United States",[]
"École Supérieure de Commerce, ESC Chambery, Savoie","Chambéry Campus,
France","['Chambéry Campus,\nFrance']"
Dundalk Institute of Technology ,"Dundalk , IE,
Ireland",[]
Chang'an University,"main Campus,
China (Mainland)","['Weishui Campus,\nChina (Mainland)', 'main Campus,\nChina (Mainland)', 'Weishui Campus,\nChina (Mainland)']"
Universidade Federal do Espírito Santo,"Campus Goiabeiras,
Brazil","['Campus Maruipe,\nBrazil', 'Campus Sao Mateus,\nBrazil', 'Campus de Alegre,\nBrazil']"
David Eccles School of Business,,[]
Universidad Libre ,"Bogotá Campus,
Colombia",[]
Tongji University,"No. 1239 Siping Road, Shanghai, CN,
China (Mainland)",[]
Universidad CES,"CES Poblado,
Colombia","['IPS CES Sabaneta,\nColombia', 'Centro de Medicina Veterinaria y Zootecnica,\nColombia']"
Samar State University,"Samar State University Main Campus,
Philippines","['Samar State University, Mercedes Campus,\nPhilippines', 'Samar State University, Paranas Campus,\nPhilippines', 'Samar State University, Basey Campus,\nPhilippines']"
Kwansei Gakuin University,"Nishinomiya Uegahara Campus,
Japan","['Kobe Sanda Campus,\nJapan', 'NIshinomiya Seiwa Campus,\nJapan']"
"Independent University, Bangladesh","Independent University, Bangladesh,
Bangladesh",[]
Kyiv National Economic University named after Vadym Hetman,"KNEU (Main building, #1),
Ukraine","['Institute of Business Education - KNEU (Building #6),\nUkraine', 'KNEU - Faculty of Accounting and Management Taxation, Faculty of Finance (Buildings #2 & #3),\nUkraine', 'KNEU - Institute of Law (Bulding #5),\nUkraine', 'KNEU - Institute of Information Technologies in Economics (Building #7),\nUkraine', 'KNEU Library (Building #4),\nUkraine']"
The University of the West Indies at St. Augustine,,[]
West Kazakhstan Marat Ospanov Medical University,"Main campus,
Kazakhstan","['Educational and laboratory Campus No. 1,\nKazakhstan', 'Educational and laboratory Campus No. 2,\nKazakhstan', 'Morphological Campus,\nKazakhstan', 'Military Sports Campus,\nKazakhstan']"
Hochschule Ravensburg-Weingarten - University of applied sciences,,[]
Interregional Academy of Personnel Management,"2, Frometivs'ka Str., Kyiv, UA,
Ukraine","['IAPM,\nUkraine']"
Southern University College,"Southern University College,
Malaysia",[]
University of Silesia in Katowice,"Katowice Campus,
Poland","['Cieszyn Campus,\nPoland', 'Chorzów Campus,\nPoland', 'Sosnowiec Campus,\nPoland']"
China University of Geosciences,"No. 388 Lumo Road, Wuhan, CN,
China (Mainland)",[]
Air University Pakistan,,[]
Toyo University ,"Hakusan Campus,
Japan","['Akabane-dai Campus,\nJapan', 'Kawagoe Campus,\nJapan', 'Asaka Campus,\nJapan', 'Itakura Campus,\nJapan', 'Otemachi Satellite,\nJapan', 'Sogo Sports Center,\nJapan']"
University of Lodz,,[]
Universidad Autónoma de Santo Domingo (UASD),"UASD-San Juan de la Maguana,
Dominican Republic","['Extension UASD - Cotuí,\nDominican Republic', 'UASD-Neyba,\nDominican Republic', 'UASD-La Romana,\nDominican Republic', 'UASD-San Pedro de Macorís,\nDominican Republic', 'UASD-Baní,\nDominican Republic', 'UASD-La Vega,\nDominican Republic', 'UASD-Hato Mayor,\nDominican Republic', 'UASD-Nagua,\nDominican Republic', 'Sede Central,\nDominican Republic', 'UASD-San Cristóbal,\nDominican Republic', 'UASD-Barahona,\nDominican Republic', 'UASD-Higüey,\nDominican Republic', 'UASD-Bonao,\nDominican Republic', 'UASD-San Francisco,\nDominican Republic', 'UASD-Santiago,\nDominican Republic', '']"
Graduate School of Management,"Admissions Office, 1-1 Jumonjibaru, Beppu, JP,
Japan",[]
Ural State University of Railway Transport (USURT),,[]
Unity College,,[]
University of Mumbai,"M G Road, Fort, Mumbai, IN,
India","['Kalina,\nIndia']"
Russian New University RosNOU,"Hostel Rosnou,
Russia","['International Campus,\nRussia', 'Primary Moscow Campus,\nRussia', 'RosNOU Lab,\nRussia', '""Veles"" Park Hotel,\nRussia', 'Campus Polezhaevskaya,\nRussia', 'Domodedovo branch,\nRussia', 'Yelets branch,\nRussia', 'Kamensky branch,\nRussia', 'Taganrog branch,\nRussia', 'Tambov branch,\nRussia', 'Tiraspol branch,\nMoldova', '""Veles"" Park Hotel,\nRussia']"
Kansas State University ,"Manhattan Campus,
Kansas,
United States",[]
"National University, Philippines","National University,
Philippines","['National University,\nPhilippines', 'National University,\nPhilippines', 'National University,\nPhilippines', 'National University,\nPhilippines', 'National University,\nPhilippines', 'National University,\nPhilippines', 'National University,\nPhilippines']"
Lagos Business School,"Lagos Business School,
Nigeria",[]
Moscow State University of Instrument Engineering and Computer Sciences (MGUPI),"Moscow Campus,
Russia","['MGUPI,\nRussia']"
Vatel Martigny Switzerland - Hotel & Tourism Business School,"Vatel Switzerland (EHV SA),
Switzerland",[]
Wesley College,,[]
Point Loma Nazarene University,,[]
Thaksin University,"140 Moo 4, Tambon Khao Roop Chang, Muang District, TH,
Thailand",[]
École Nationale d'Ingénieurs ENIM Metz,"Metz, FR,
France",[]
Plovdiv university ,"Plovdiv university ""Paisii Hilendarski"",
Bulgaria","['Rectorate,\nBulgaria', 'Center of Technology,\nBulgaria', 'Subsidiary Smolyan,\nBulgaria', 'Subsidiary Kardzhali,\nBulgaria']"
"National University of Singapore (NUS), Faculty of Science",,[]
Université Pierre-Mendès-France,,[]
Université d'Orléans,"Château de La Source, Avenue du Parc Floral, Orléans, FR,
France","['Orléans, FR,\nFrance']"
"Haas School of Business - University of California, Berkeley","Haas School of Business,
California,
United States",[]
Carthage College,,[]
Novosibirsk State Pedagogical University,,[]
"Royal Academy of Art, The Hague (KABK)","The Hague, NL,
Netherlands",[]
Munich Business School,"61, Elsenheimerstraße, Munich, DE,
Germany","['Munich Business School,\nGermany', 'Elsenheimerstraße 61, Munchen, DE,\nGermany']"
Graduate School of Business,"Wake Forest Reynolda Campus,
North Carolina,
United States",[]
ETS Global B.V. Academic & Business Assessments Strawinskylaan,"ETS Global,
Netherlands",[]
Conestoga College,"Guelph, CA,
Canada",[]
Orebro University,"Orebro, SE,
Sweden",[]
Afeka The Academic College of Engineering in Tel-Aviv,"Tel Aviv, IL,
Israel",[]
Suranaree University of Technology,"Suranaree University of Technology,
Thailand",[]
University of Idaho ,"University of Idaho,
Idaho,
United States",[]
Electronics Engineering Polytechnic Institute of Surabaya,"Kampus ITS Sukolilo, Surabaya, ID,
Indonesia",[]
Al Ghurair University,"Dubai Campus,
United Arab Emirates",[]
Nazareth College,"Rochester,
New York,
United States",[]
"University of Birmingham, University of Birmingham Law School",,[]
Indian Institute of Technology Kanpur (IITK),"P.O. IIT Kanpur, Kanpur, IN,
India",[]
PGSM Pôle Paris Alternance,"Paris, FR,
France",[]
Vatel Martigny Switzerland - Hotel & Tourism Business School,"Vatel Switzerland (EHV SA),
Switzerland",[]
Strate Ecole de Design,"Strate Ecole de Design - Paris,
France","['Strate School of Design Singapore,\nSingapore', 'Strate Ecole de Design Lyon,\nFrance', 'Strate School of Design Bangalore,\nIndia']"
Senghor University ,"Alexandria, EG,
Egypt",[]
Universidad del Noreste (UNE),"Universidad del Noreste (UNE),
Mexico",[]
Sydney Film School,"Campus,
Australia",[]
Institut Supérieur de l'Aéronautique et de l'Espace (ISAE),"Toulouse, FR,
France",[]
